file_name,file_path,line_number,pattern,line_text,context_before,context_after
compare_operation_modes.m,C:\Users\PC\MATLAB Drive\modelo_deshidratador_GA_chile_red_controlado_v1_3_HYBRID_IRR_COMPARE_CONSOLIDADA\02_src_limpio\comparison\compare_operation_modes.m,23,0.5,"[0; 0.5], ...","cases = table( ... | {'case_01_validated'; 'case_02_robustness'}, ... | [0.12; 0.11], ... | [50; 55], ...","[0; 3], ... | [0.85; 200], ... | 'VariableNames', {'case_id','m_max','T_min','r_div2','t_rec_ini','W0'} ); | "
setup_v05_paths.m,C:\Users\PC\MATLAB Drive\modelo_deshidratador_GA_chile_red_controlado_v1_3_HYBRID_IRR_COMPARE_CONSOLIDADA\02_src_limpio\main\setup_v05_paths.m,2,0.5,"%SETUP_V05_PATHS Configure the controlled v0.5/v0.6/v0.7/v0.8 MATLAB path.","function rootDir = setup_v05_paths()","% | % This script intentionally avoids genpath(rootDir), because that could add: | %   - 99_legacy_do_not_run | %   - 00_original_zip_no_tocar"
capture_productive_ga_outputs_v614.m,C:\Users\PC\MATLAB Drive\modelo_deshidratador_GA_chile_red_controlado_v1_3_HYBRID_IRR_COMPARE_CONSOLIDADA\02_src_limpio\production\capture_productive_ga_outputs_v614.m,18,0.5,"0.11 55 0.50 3","cfg = productive_run_config_v69(); |  | %% Synthetic final population and scores | final_population = [","0.12 60 0.40 2 | 0.13 65 0.70 5 | 0.10 58 0.30 1 | ];"
implement_tmax_endpoint_correction_clone_v95j.m,C:\Users\PC\MATLAB Drive\modelo_deshidratador_GA_chile_red_controlado_v1_3_HYBRID_IRR_COMPARE_CONSOLIDADA\02_src_limpio\production\implement_tmax_endpoint_correction_clone_v95j.m,319,0.5,"reduction_Q_aux_pct > 1 && abs(delta_dry_time) <= 0.5 && abs(delta_MR) <= 0.02, ..."," | checks{end+1,1} = local_check_row_v95j( ... | ""V06"", ... | ""Comparative physical sanity"", ...","sprintf(""Q_aux reduction=%.12g%%; delta dry_time=%.12g; delta MR=%.12g"", reduction_Q_aux_pct, delta_dry_time, delta_MR), ... | ""hybrid must reduce auxiliary energy while preserving comparable drying endpoint.""); |  | checks{end+1,1} = local_check_row_v95j( ..."
locate_collector_efficiency_balance_v96z.m,C:\Users\PC\MATLAB Drive\modelo_deshidratador_GA_chile_red_controlado_v1_3_HYBRID_IRR_COMPARE_CONSOLIDADA\02_src_limpio\production\locate_collector_efficiency_balance_v96z.m,1,efficiency,"function loc = locate_collector_efficiency_balance_v96z()","function loc = locate_collector_efficiency_balance_v96z()","% LOCATE_COLLECTOR_EFFICIENCY_BALANCE_v96z | % | % 9.6z-eta-locate-a | % LOCATE-FIXED-COLLECTOR-EFFICIENCY-AND-SOLAR-BALANCE-001"
locate_collector_efficiency_balance_v96z.m,C:\Users\PC\MATLAB Drive\modelo_deshidratador_GA_chile_red_controlado_v1_3_HYBRID_IRR_COMPARE_CONSOLIDADA\02_src_limpio\production\locate_collector_efficiency_balance_v96z.m,2,efficiency,"% LOCATE_COLLECTOR_EFFICIENCY_BALANCE_v96z","function loc = locate_collector_efficiency_balance_v96z()","% | % 9.6z-eta-locate-a | % LOCATE-FIXED-COLLECTOR-EFFICIENCY-AND-SOLAR-BALANCE-001 | %"
locate_collector_efficiency_balance_v96z.m,C:\Users\PC\MATLAB Drive\modelo_deshidratador_GA_chile_red_controlado_v1_3_HYBRID_IRR_COMPARE_CONSOLIDADA\02_src_limpio\production\locate_collector_efficiency_balance_v96z.m,5,efficiency,"% LOCATE-FIXED-COLLECTOR-EFFICIENCY-AND-SOLAR-BALANCE-001","function loc = locate_collector_efficiency_balance_v96z() | % LOCATE_COLLECTOR_EFFICIENCY_BALANCE_v96z | % | % 9.6z-eta-locate-a","% | % No ejecuta GA. | % No ejecuta modelo. | % No modifica fuentes."
locate_collector_efficiency_balance_v96z.m,C:\Users\PC\MATLAB Drive\modelo_deshidratador_GA_chile_red_controlado_v1_3_HYBRID_IRR_COMPARE_CONSOLIDADA\02_src_limpio\production\locate_collector_efficiency_balance_v96z.m,12,eta_col,"%   1) eficiencia fija del colector, eta_col ~ 0.5","% No ejecuta modelo. | % No modifica fuentes. | % | % Busca:","%   2) cálculo de energía solar Q_AH, Q_solar, Q_col | %   3) variables de temperatura de entrada/salida de colector | %   4) irradiancia | %   5) flujo másico/volumétrico"
locate_collector_efficiency_balance_v96z.m,C:\Users\PC\MATLAB Drive\modelo_deshidratador_GA_chile_red_controlado_v1_3_HYBRID_IRR_COMPARE_CONSOLIDADA\02_src_limpio\production\locate_collector_efficiency_balance_v96z.m,12,0.5,"%   1) eficiencia fija del colector, eta_col ~ 0.5","% No ejecuta modelo. | % No modifica fuentes. | % | % Busca:","%   2) cálculo de energía solar Q_AH, Q_solar, Q_col | %   3) variables de temperatura de entrada/salida de colector | %   4) irradiancia | %   5) flujo másico/volumétrico"
locate_collector_efficiency_balance_v96z.m,C:\Users\PC\MATLAB Drive\modelo_deshidratador_GA_chile_red_controlado_v1_3_HYBRID_IRR_COMPARE_CONSOLIDADA\02_src_limpio\production\locate_collector_efficiency_balance_v96z.m,12,eficiencia,"%   1) eficiencia fija del colector, eta_col ~ 0.5","% No ejecuta modelo. | % No modifica fuentes. | % | % Busca:","%   2) cálculo de energía solar Q_AH, Q_solar, Q_col | %   3) variables de temperatura de entrada/salida de colector | %   4) irradiancia | %   5) flujo másico/volumétrico"
locate_collector_efficiency_balance_v96z.m,C:\Users\PC\MATLAB Drive\modelo_deshidratador_GA_chile_red_controlado_v1_3_HYBRID_IRR_COMPARE_CONSOLIDADA\02_src_limpio\production\locate_collector_efficiency_balance_v96z.m,42,eta_col,"""eta_col""","% ------------------------------------------------------------------ | % Patrones de búsqueda | % ------------------------------------------------------------------ | patterns_eta = [","""etha_col"" | ""etaCollector"" | ""eta_collector"" | ""eta_solar"""
locate_collector_efficiency_balance_v96z.m,C:\Users\PC\MATLAB Drive\modelo_deshidratador_GA_chile_red_controlado_v1_3_HYBRID_IRR_COMPARE_CONSOLIDADA\02_src_limpio\production\locate_collector_efficiency_balance_v96z.m,43,etha_col,"""etha_col""","% Patrones de búsqueda | % ------------------------------------------------------------------ | patterns_eta = [ | ""eta_col""","""etaCollector"" | ""eta_collector"" | ""eta_solar"" | ""etaSAH"""
locate_collector_efficiency_balance_v96z.m,C:\Users\PC\MATLAB Drive\modelo_deshidratador_GA_chile_red_controlado_v1_3_HYBRID_IRR_COMPARE_CONSOLIDADA\02_src_limpio\production\locate_collector_efficiency_balance_v96z.m,44,etaCollector,"""etaCollector""","% ------------------------------------------------------------------ | patterns_eta = [ | ""eta_col"" | ""etha_col""","""eta_collector"" | ""eta_solar"" | ""etaSAH"" | ""eta_AH"""
locate_collector_efficiency_balance_v96z.m,C:\Users\PC\MATLAB Drive\modelo_deshidratador_GA_chile_red_controlado_v1_3_HYBRID_IRR_COMPARE_CONSOLIDADA\02_src_limpio\production\locate_collector_efficiency_balance_v96z.m,45,eta_col,"""eta_collector""","patterns_eta = [ | ""eta_col"" | ""etha_col"" | ""etaCollector""","""eta_solar"" | ""etaSAH"" | ""eta_AH"" | ""eta = 0.5"""
locate_collector_efficiency_balance_v96z.m,C:\Users\PC\MATLAB Drive\modelo_deshidratador_GA_chile_red_controlado_v1_3_HYBRID_IRR_COMPARE_CONSOLIDADA\02_src_limpio\production\locate_collector_efficiency_balance_v96z.m,45,eta_collector,"""eta_collector""","patterns_eta = [ | ""eta_col"" | ""etha_col"" | ""etaCollector""","""eta_solar"" | ""etaSAH"" | ""eta_AH"" | ""eta = 0.5"""
locate_collector_efficiency_balance_v96z.m,C:\Users\PC\MATLAB Drive\modelo_deshidratador_GA_chile_red_controlado_v1_3_HYBRID_IRR_COMPARE_CONSOLIDADA\02_src_limpio\production\locate_collector_efficiency_balance_v96z.m,46,eta_solar,"""eta_solar""","""eta_col"" | ""etha_col"" | ""etaCollector"" | ""eta_collector""","""etaSAH"" | ""eta_AH"" | ""eta = 0.5"" | ""eta=0.5"""
locate_collector_efficiency_balance_v96z.m,C:\Users\PC\MATLAB Drive\modelo_deshidratador_GA_chile_red_controlado_v1_3_HYBRID_IRR_COMPARE_CONSOLIDADA\02_src_limpio\production\locate_collector_efficiency_balance_v96z.m,47,etaSAH,"""etaSAH""","""etha_col"" | ""etaCollector"" | ""eta_collector"" | ""eta_solar""","""eta_AH"" | ""eta = 0.5"" | ""eta=0.5"" | ""0.5"""
locate_collector_efficiency_balance_v96z.m,C:\Users\PC\MATLAB Drive\modelo_deshidratador_GA_chile_red_controlado_v1_3_HYBRID_IRR_COMPARE_CONSOLIDADA\02_src_limpio\production\locate_collector_efficiency_balance_v96z.m,48,eta_AH,"""eta_AH""","""etaCollector"" | ""eta_collector"" | ""eta_solar"" | ""etaSAH""","""eta = 0.5"" | ""eta=0.5"" | ""0.5"" | ""50%"""
locate_collector_efficiency_balance_v96z.m,C:\Users\PC\MATLAB Drive\modelo_deshidratador_GA_chile_red_controlado_v1_3_HYBRID_IRR_COMPARE_CONSOLIDADA\02_src_limpio\production\locate_collector_efficiency_balance_v96z.m,49,eta = 0.5,"""eta = 0.5""","""eta_collector"" | ""eta_solar"" | ""etaSAH"" | ""eta_AH""","""eta=0.5"" | ""0.5"" | ""50%"" | ""eficiencia"""
locate_collector_efficiency_balance_v96z.m,C:\Users\PC\MATLAB Drive\modelo_deshidratador_GA_chile_red_controlado_v1_3_HYBRID_IRR_COMPARE_CONSOLIDADA\02_src_limpio\production\locate_collector_efficiency_balance_v96z.m,49,0.5,"""eta = 0.5""","""eta_collector"" | ""eta_solar"" | ""etaSAH"" | ""eta_AH""","""eta=0.5"" | ""0.5"" | ""50%"" | ""eficiencia"""
locate_collector_efficiency_balance_v96z.m,C:\Users\PC\MATLAB Drive\modelo_deshidratador_GA_chile_red_controlado_v1_3_HYBRID_IRR_COMPARE_CONSOLIDADA\02_src_limpio\production\locate_collector_efficiency_balance_v96z.m,50,eta=0.5,"""eta=0.5""","""eta_solar"" | ""etaSAH"" | ""eta_AH"" | ""eta = 0.5""","""0.5"" | ""50%"" | ""eficiencia"" | ""efficiency"""
locate_collector_efficiency_balance_v96z.m,C:\Users\PC\MATLAB Drive\modelo_deshidratador_GA_chile_red_controlado_v1_3_HYBRID_IRR_COMPARE_CONSOLIDADA\02_src_limpio\production\locate_collector_efficiency_balance_v96z.m,50,0.5,"""eta=0.5""","""eta_solar"" | ""etaSAH"" | ""eta_AH"" | ""eta = 0.5""","""0.5"" | ""50%"" | ""eficiencia"" | ""efficiency"""
locate_collector_efficiency_balance_v96z.m,C:\Users\PC\MATLAB Drive\modelo_deshidratador_GA_chile_red_controlado_v1_3_HYBRID_IRR_COMPARE_CONSOLIDADA\02_src_limpio\production\locate_collector_efficiency_balance_v96z.m,51,0.5,"""0.5""","""etaSAH"" | ""eta_AH"" | ""eta = 0.5"" | ""eta=0.5""","""50%"" | ""eficiencia"" | ""efficiency"" | ];"
locate_collector_efficiency_balance_v96z.m,C:\Users\PC\MATLAB Drive\modelo_deshidratador_GA_chile_red_controlado_v1_3_HYBRID_IRR_COMPARE_CONSOLIDADA\02_src_limpio\production\locate_collector_efficiency_balance_v96z.m,52,50%,"""50%""","""eta_AH"" | ""eta = 0.5"" | ""eta=0.5"" | ""0.5""","""eficiencia"" | ""efficiency"" | ]; | "
locate_collector_efficiency_balance_v96z.m,C:\Users\PC\MATLAB Drive\modelo_deshidratador_GA_chile_red_controlado_v1_3_HYBRID_IRR_COMPARE_CONSOLIDADA\02_src_limpio\production\locate_collector_efficiency_balance_v96z.m,53,eficiencia,"""eficiencia""","""eta = 0.5"" | ""eta=0.5"" | ""0.5"" | ""50%""","""efficiency"" | ]; |  | patterns_Qsolar = ["
locate_collector_efficiency_balance_v96z.m,C:\Users\PC\MATLAB Drive\modelo_deshidratador_GA_chile_red_controlado_v1_3_HYBRID_IRR_COMPARE_CONSOLIDADA\02_src_limpio\production\locate_collector_efficiency_balance_v96z.m,54,efficiency,"""efficiency""","""eta=0.5"" | ""0.5"" | ""50%"" | ""eficiencia""","]; |  | patterns_Qsolar = [ | ""Q_AH"""
locate_collector_efficiency_balance_v96z.m,C:\Users\PC\MATLAB Drive\modelo_deshidratador_GA_chile_red_controlado_v1_3_HYBRID_IRR_COMPARE_CONSOLIDADA\02_src_limpio\production\locate_collector_efficiency_balance_v96z.m,178,efficiency,"checks{end+1,1} = check_row(""L02"",""Efficiency-pattern hits found"",height(Teta)>0,string(height(Teta)));","% Checks | % ------------------------------------------------------------------ | checks = {}; | checks{end+1,1} = check_row(""L01"",""MATLAB source files found"",numel(mFiles)>0,string(numel(mFiles)));","checks{end+1,1} = check_row(""L03"",""Solar-energy-pattern hits found"",height(Tqsolar)>0,string(height(Tqsolar))); | checks{end+1,1} = check_row(""L04"",""Temperature-pattern hits found"",height(Ttemp)>0,string(height(Ttemp))); | checks{end+1,1} = check_row(""L05"",""Flow/Cp-pattern hits found"",height(Tflowcp)>0,string(height(Tflowcp))); | checks{end+1,1} = check_row(""L06"",""Ranked candidate files available"",height(Tscore)>0,string(height(Tscore)));"
locate_collector_efficiency_balance_v96z.m,C:\Users\PC\MATLAB Drive\modelo_deshidratador_GA_chile_red_controlado_v1_3_HYBRID_IRR_COMPARE_CONSOLIDADA\02_src_limpio\production\locate_collector_efficiency_balance_v96z.m,190,efficiency,"diagnosis = ""COLLECTOR_EFFICIENCY_AND_SOLAR_BALANCE_CANDIDATES_FOUND"";"," | Tchecks = struct2table(vertcat(checks{:})); |  | if Tchecks.pass(Tchecks.id==""L02"") && Tchecks.pass(Tchecks.id==""L03"")","decision = ""INSPECT_TOP_FILES_BEFORE_SURGICAL_MODIFICATION""; | next_step = ""Open top-ranked files and identify exact eta_col/Qsolar/Tin/Tout/Tamb/G/mdot/cp variables.""; | else | diagnosis = ""COLLECTOR_EFFICIENCY_LOCATION_INCOMPLETE"";"
locate_collector_efficiency_balance_v96z.m,C:\Users\PC\MATLAB Drive\modelo_deshidratador_GA_chile_red_controlado_v1_3_HYBRID_IRR_COMPARE_CONSOLIDADA\02_src_limpio\production\locate_collector_efficiency_balance_v96z.m,192,eta_col,"next_step = ""Open top-ranked files and identify exact eta_col/Qsolar/Tin/Tout/Tamb/G/mdot/cp variables."";"," | if Tchecks.pass(Tchecks.id==""L02"") && Tchecks.pass(Tchecks.id==""L03"") | diagnosis = ""COLLECTOR_EFFICIENCY_AND_SOLAR_BALANCE_CANDIDATES_FOUND""; | decision = ""INSPECT_TOP_FILES_BEFORE_SURGICAL_MODIFICATION"";","else | diagnosis = ""COLLECTOR_EFFICIENCY_LOCATION_INCOMPLETE""; | decision = ""DO_NOT_MODIFY_MODEL_YET""; | next_step = ""Use broader manual search or provide likely model file."";"
locate_collector_efficiency_balance_v96z.m,C:\Users\PC\MATLAB Drive\modelo_deshidratador_GA_chile_red_controlado_v1_3_HYBRID_IRR_COMPARE_CONSOLIDADA\02_src_limpio\production\locate_collector_efficiency_balance_v96z.m,194,efficiency,"diagnosis = ""COLLECTOR_EFFICIENCY_LOCATION_INCOMPLETE"";","diagnosis = ""COLLECTOR_EFFICIENCY_AND_SOLAR_BALANCE_CANDIDATES_FOUND""; | decision = ""INSPECT_TOP_FILES_BEFORE_SURGICAL_MODIFICATION""; | next_step = ""Open top-ranked files and identify exact eta_col/Qsolar/Tin/Tout/Tamb/G/mdot/cp variables.""; | else","decision = ""DO_NOT_MODIFY_MODEL_YET""; | next_step = ""Use broader manual search or provide likely model file.""; | end | "
locate_collector_efficiency_balance_v96z.m,C:\Users\PC\MATLAB Drive\modelo_deshidratador_GA_chile_red_controlado_v1_3_HYBRID_IRR_COMPARE_CONSOLIDADA\02_src_limpio\production\locate_collector_efficiency_balance_v96z.m,221,efficiency,"reportMd = fullfile(reviewDir,'LOCATE_COLLECTOR_EFFICIENCY_BALANCE_v96z.md');"," | % ------------------------------------------------------------------ | % Reporte Markdown | % ------------------------------------------------------------------"," | fid = fopen(reportMd,'w'); | fprintf(fid,'# LOCATE_COLLECTOR_EFFICIENCY_BALANCE_v96z\n\n'); | fprintf(fid,'## Diagnosis\n\n`%s`\n\n',diagnosis);"
locate_collector_efficiency_balance_v96z.m,C:\Users\PC\MATLAB Drive\modelo_deshidratador_GA_chile_red_controlado_v1_3_HYBRID_IRR_COMPARE_CONSOLIDADA\02_src_limpio\production\locate_collector_efficiency_balance_v96z.m,224,efficiency,"fprintf(fid,'# LOCATE_COLLECTOR_EFFICIENCY_BALANCE_v96z\n\n');","% ------------------------------------------------------------------ | reportMd = fullfile(reviewDir,'LOCATE_COLLECTOR_EFFICIENCY_BALANCE_v96z.md'); |  | fid = fopen(reportMd,'w');","fprintf(fid,'## Diagnosis\n\n`%s`\n\n',diagnosis); | fprintf(fid,'## Decision\n\n`%s`\n\n',decision); | fprintf(fid,'## Next step\n\n`%s`\n\n',next_step); | "
locate_collector_efficiency_balance_v96z.m,C:\Users\PC\MATLAB Drive\modelo_deshidratador_GA_chile_red_controlado_v1_3_HYBRID_IRR_COMPARE_CONSOLIDADA\02_src_limpio\production\locate_collector_efficiency_balance_v96z.m,239,efficiency,"fprintf(fid,'\n## Efficiency hits sample\n\n');","i, sanitize_md(Tscore.score_path(i)), Tscore.n_eta(i), Tscore.n_Qsolar(i), ... | Tscore.n_temp(i), Tscore.n_flowcp(i), Tscore.total_score(i)); | end | ","write_hits_md(fid,Teta,25); |  | fprintf(fid,'\n## Solar-energy hits sample\n\n'); | write_hits_md(fid,Tqsolar,25);"
locate_collector_efficiency_balance_v96z.m,C:\Users\PC\MATLAB Drive\modelo_deshidratador_GA_chile_red_controlado_v1_3_HYBRID_IRR_COMPARE_CONSOLIDADA\02_src_limpio\production\locate_collector_efficiency_balance_v96z.m,269,efficiency,"outMat = fullfile(traceDir,'LOCATE_COLLECTOR_EFFICIENCY_BALANCE_v96z.mat');"," | % ------------------------------------------------------------------ | % Guardar MAT | % ------------------------------------------------------------------"," | save(outMat, ... | 'diagnosis','decision','next_step', ... | 'Teta','Tqsolar','Ttemp','Tflowcp','Tscore','TtopContext','Tchecks', ..."
locate_collector_efficiency_balance_v96z.m,C:\Users\PC\MATLAB Drive\modelo_deshidratador_GA_chile_red_controlado_v1_3_HYBRID_IRR_COMPARE_CONSOLIDADA\02_src_limpio\production\locate_collector_efficiency_balance_v96z.m,278,efficiency,"loc.status = 'LOCATE_COLLECTOR_EFFICIENCY_BALANCE_v96z_COMPLETED';","'etaCsv','qsolarCsv','tempCsv','flowcpCsv','scoreCsv','contextCsv','checksCsv', ... | 'reportMd','outMat'); |  | loc = struct();","loc.diagnosis = diagnosis; | loc.decision = decision; | loc.next_step = next_step; | loc.Teta = Teta;"
locate_collector_efficiency_balance_v96z.m,C:\Users\PC\MATLAB Drive\modelo_deshidratador_GA_chile_red_controlado_v1_3_HYBRID_IRR_COMPARE_CONSOLIDADA\02_src_limpio\production\locate_collector_efficiency_balance_v96z.m,292,efficiency,"disp('=== LOCATE_COLLECTOR_EFFICIENCY_BALANCE_v96z ===')","loc.Tchecks = Tchecks; | loc.reportMd = reportMd; | loc.outMat = outMat; | ","disp(loc.status) | disp('=== DIAGNOSIS ===') | disp(loc.diagnosis) | disp('=== DECISION ===')"
minimal_physics_audit_recheck_with_tmax_correction_v95k.m,C:\Users\PC\MATLAB Drive\modelo_deshidratador_GA_chile_red_controlado_v1_3_HYBRID_IRR_COMPARE_CONSOLIDADA\02_src_limpio\production\minimal_physics_audit_recheck_with_tmax_correction_v95k.m,153,0.5,"tol_dry_time_h = 0.50;"," | varNames = [""m_max"",""T_min"",""r_div2"",""t_rec_ini""]; |  | % Umbrales de recheck","tol_MR_abs = 0.020; | min_Qaux_reduction_pct = 1.0; | min_hybrid_irradiacion = 1e-6; | max_allowed_penalty_MR = 999.999;"
minimal_physics_operation_audit_before_formal_run_v95g.m,C:\Users\PC\MATLAB Drive\modelo_deshidratador_GA_chile_red_controlado_v1_3_HYBRID_IRR_COMPARE_CONSOLIDADA\02_src_limpio\production\minimal_physics_operation_audit_before_formal_run_v95g.m,114,0.5,"tol_dry_time_h = 0.50;"," | varNames = [""m_max"",""T_min"",""r_div2"",""t_rec_ini""]; |  | % Umbrales de auditoría mínima","tol_MR_abs = 0.020; | min_Qaux_reduction_pct = 1.0; | min_hybrid_irradiacion = 1e-6; | max_allowed_penalty_MR = 999.999;"
run_productive_ga_corrected_v612.m,C:\Users\PC\MATLAB Drive\modelo_deshidratador_GA_chile_red_controlado_v1_3_HYBRID_IRR_COMPARE_CONSOLIDADA\02_src_limpio\production\run_productive_ga_corrected_v612.m,52,0.5,"x_probe = [0.11 55 0.5 3];","objective_available = isfile(objective_file) && ... | exist(objective_function_name,'file') == 2; |  | %% Controlled objective probe","mode_probe = 'hybrid'; |  | if objective_available | [f_probe, detail_probe] = objective_productive_corrected_v611(x_probe, mode_probe);"
run_productive_ga_corrected_v614.m,C:\Users\PC\MATLAB Drive\modelo_deshidratador_GA_chile_red_controlado_v1_3_HYBRID_IRR_COMPARE_CONSOLIDADA\02_src_limpio\production\run_productive_ga_corrected_v614.m,108,0.5,"x_probe = [0.11 55 0.50 3];","runinfo.generations = generations; | runinfo.seed = seed; |  | %% Objective probe before allowing real GA"," | [f_probe, detail_probe] = objective_productive_corrected_v611(x_probe,'hybrid'); |  | objective_probe_ok = isnumeric(f_probe) && numel(f_probe) == 2 && ..."
test_capture_productive_ga_outputs_v614.m,C:\Users\PC\MATLAB Drive\modelo_deshidratador_GA_chile_red_controlado_v1_3_HYBRID_IRR_COMPARE_CONSOLIDADA\02_src_limpio\production\test_capture_productive_ga_outputs_v614.m,18,0.5,"0.11 55 0.50 3","cfg = productive_run_config_v69(); |  | %% Synthetic final population and scores | final_population = [","0.12 60 0.40 2 | 0.13 65 0.70 5 | 0.10 58 0.30 1 | ];"
test_capture_productive_ga_outputs_v614b.m,C:\Users\PC\MATLAB Drive\modelo_deshidratador_GA_chile_red_controlado_v1_3_HYBRID_IRR_COMPARE_CONSOLIDADA\02_src_limpio\production\test_capture_productive_ga_outputs_v614b.m,14,0.5,"0.11 55 0.50 3"," | cfg = productive_run_config_v69(); |  | final_population = [","0.12 60 0.40 2 | 0.13 65 0.70 5 | 0.10 58 0.30 1 | ];"
test_objective_productive_corrected_v611.m,C:\Users\PC\MATLAB Drive\modelo_deshidratador_GA_chile_red_controlado_v1_3_HYBRID_IRR_COMPARE_CONSOLIDADA\02_src_limpio\production\test_objective_productive_corrected_v611.m,22,0.5,"x_test = [0.11 55 0.5 3];","if ~exist(tabDir,'dir'), mkdir(tabDir); end | if ~exist(compDir,'dir'), mkdir(compDir); end |  | %% Controlled single test point","mode_operation = 'hybrid'; |  | [f, detail] = objective_productive_corrected_v611(x_test, mode_operation); | "
test_hybrid_irradiance_modes_v10_robustness.m,C:\Users\PC\MATLAB Drive\modelo_deshidratador_GA_chile_red_controlado_v1_3_HYBRID_IRR_COMPARE_CONSOLIDADA\02_src_limpio\validation\test_hybrid_irradiance_modes_v10_robustness.m,21,0.5,"r_div2 = 0.5;"," | %% Second point validated locally | m_max = 0.11; | T_min = 55;","t_rec_ini = 3; | W0 = 200; |  | %% Product parameters"
opt_tunel_mod2_v06_data_controlled.m,C:\Users\PC\MATLAB Drive\modelo_deshidratador_GA_chile_red_controlado_v1_3_HYBRID_IRR_COMPARE_CONSOLIDADA\02_src_limpio\wrappers\opt_tunel_mod2_v06_data_controlled.m,33,0.5,"%m_max=0.11; % 0.39;%0.19=0.5;%0.115=0.3;%0.043=0.12;% ""Flujo másico de aire en el captador AH8[kg/s]""","t_rec_fin=40*3600; %Tiempo de fin de recirculación [h] | r_div1=0/100; % Relación de división en D1 | %r_div2=0/100; % Relación de división en D2 (recirculación) | Q_perd_ducto=10/100; % Porcentaje de pérdidas en ducto de recirculación","%T_min=40; %Temperatura mínima antes de M9 [°C] | A_sec=2.25; % ""Área de sección transversal de entrada al túnel [m^2]"" | t_ini=0; %tiempo inicial | t_step=0.1; % paso de tiempo"
opt_tunel_mod2_v06_data_controlled.m,C:\Users\PC\MATLAB Drive\modelo_deshidratador_GA_chile_red_controlado_v1_3_HYBRID_IRR_COMPARE_CONSOLIDADA\02_src_limpio\wrappers\opt_tunel_mod2_v06_data_controlled.m,40,eficiencia,"etha_capt=""constante"";%eficiencia ce captación","t_ini=0; %tiempo inicial | t_step=0.1; % paso de tiempo | cond_amb=""10jun21_real""; | calor_aux=true;","LT_AH=65; %Límite de temperatura en AH | T_ini=25; %Temperatura de inicio en Gabinetes, producto y aire |  | tiempo=t_ini:t_step:t_max;"
opt_tunel_mod2_v06_data_controlled.m,C:\Users\PC\MATLAB Drive\modelo_deshidratador_GA_chile_red_controlado_v1_3_HYBRID_IRR_COMPARE_CONSOLIDADA\02_src_limpio\wrappers\opt_tunel_mod2_v06_data_controlled.m,80,0.5,"HR_amb(i)=(0.5356*tiempo^3-2.9126*tiempo^2-2.6044*tiempo+59.539)/100; % ""Humedad Relativa""","%         I(i)=I(i);  % ""Irradiancia [W/m^2]"" | %     end | if strcmp(cond_amb,""variable"") | T_amb(i)=1.6031*tiempo+25.204; % ""Temperatura ambiente [°C]""","I(i)=-36.085*tiempo^2+207.22*tiempo+631.33;  % ""Irradiancia [W/m^2]"" | end | if strcmp(cond_amb,""10jun21"") | T_amb(i)=9.7152e-04*tiempo^4-0.0304*tiempo^3+0.2914*tiempo^2-0.2138*tiempo+23.9443; % ""Temperatura ambiente [°C]"""
opt_tunel_mod2_v06_data_controlled.m,C:\Users\PC\MATLAB Drive\modelo_deshidratador_GA_chile_red_controlado_v1_3_HYBRID_IRR_COMPARE_CONSOLIDADA\02_src_limpio\wrappers\opt_tunel_mod2_v06_data_controlled.m,86,0.5,"I(i)=0.5125*tiempo^4-12.0790*tiempo^3+66.4485*tiempo^2+44.4091*tiempo+146.7760;  % ""Irradiancia [W/m^2]""","end | if strcmp(cond_amb,""10jun21"") | T_amb(i)=9.7152e-04*tiempo^4-0.0304*tiempo^3+0.2914*tiempo^2-0.2138*tiempo+23.9443; % ""Temperatura ambiente [°C]"" | HR_amb(i)=(-0.0019*tiempo^4+0.1245*tiempo^3-1.3295*tiempo^2-1.9212*tiempo+87.5956)/100; % ""Humedad Relativa""","end | if strcmp(cond_amb,""10jun21_real"") |  | if tiempo==t_ini"
opt_tunel_mod2_v06_data_controlled.m,C:\Users\PC\MATLAB Drive\modelo_deshidratador_GA_chile_red_controlado_v1_3_HYBRID_IRR_COMPARE_CONSOLIDADA\02_src_limpio\wrappers\opt_tunel_mod2_v06_data_controlled.m,137,eficiencia,"ETHA_capt(i)=50/100; % ""Eficiencia""","P=3.9; | G=I(i)*1000; | ETHA_capt(i)=0.656-3.48050*(P/G)-0.02380*(P^2/G); | else","end | E_capt(i)=I(i)*A_cap*ETHA_capt(i)/1000; % ""Energía captada"" |  | f_per=0.975;"
opt_tunel_mod2_v06_data_controlled.m,C:\Users\PC\MATLAB Drive\modelo_deshidratador_GA_chile_red_controlado_v1_3_HYBRID_IRR_COMPARE_CONSOLIDADA\02_src_limpio\wrappers\opt_tunel_mod2_v06_data_controlled.m,370,eficiencia,"% etha_capt=""constante"";%eficiencia ce captación","% t_ini=0; %tiempo inicial | % t_step=0.1; % paso de tiempo | % cond_amb=""10jun21_real""; | % calor_aux=true;","% LT_AH=60; %Límite de temperatura en AH | % T_ini=25; %Temperatura de inicio en Gabinetes, producto y aire |  | % tiempo=t_ini:t_step:t_max;"
opt_tunel_mod2_v06_data_controlled.m,C:\Users\PC\MATLAB Drive\modelo_deshidratador_GA_chile_red_controlado_v1_3_HYBRID_IRR_COMPARE_CONSOLIDADA\02_src_limpio\wrappers\opt_tunel_mod2_v06_data_controlled.m,404,0.5,"%         HR_amb(i)=(0.5356*tiempo^3-2.9126*tiempo^2-2.6044*tiempo+59.539)/100; % ""Humedad Relativa""","%     I(i)=0;  % ""Irradiancia [W/m^2]"" | % | %     if strcmp(cond_amb,""variable"") | %         T_amb(i)=1.6031*tiempo+25.204; % ""Temperatura ambiente [°C]""","%         I(i)=-36.085*tiempo^2+207.22*tiempo+631.33;  % ""Irradiancia [W/m^2]"" | %     end | % | %     if strcmp(cond_amb,""10jun21"")"
opt_tunel_mod2_v06_data_controlled.m,C:\Users\PC\MATLAB Drive\modelo_deshidratador_GA_chile_red_controlado_v1_3_HYBRID_IRR_COMPARE_CONSOLIDADA\02_src_limpio\wrappers\opt_tunel_mod2_v06_data_controlled.m,411,0.5,"%         I(i)=0.5125*tiempo^4-12.0790*tiempo^3+66.4485*tiempo^2+44.4091*tiempo+146.7760;  % ""Irradiancia [W/m^2]""","% | %     if strcmp(cond_amb,""10jun21"") | %         T_amb(i)=9.7152e-04*tiempo^4-0.0304*tiempo^3+0.2914*tiempo^2-0.2138*tiempo+23.9443; % ""Temperatura ambiente [°C]"" | %         HR_amb(i)=(-0.0019*tiempo^4+0.1245*tiempo^3-1.3295*tiempo^2-1.9212*tiempo+87.5956)/100; % ""Humedad Relativa""","%     end | % | %     if strcmp(cond_amb,""10jun21_real"") | %"
opt_tunel_mod2_v06_data_controlled.m,C:\Users\PC\MATLAB Drive\modelo_deshidratador_GA_chile_red_controlado_v1_3_HYBRID_IRR_COMPARE_CONSOLIDADA\02_src_limpio\wrappers\opt_tunel_mod2_v06_data_controlled.m,463,eficiencia,"%         ETHA_capt(i)=50/100; % ""Eficiencia""","%         P=3.9; | %         G=I(i)*1000; | %         ETHA_capt(i)=0.656-3.48050*(P/G)-0.02380*(P^2/G); | %     else","%     end | % | %     E_capt(i)=I(i)*A_cap*ETHA_capt(i)/1000; % ""Energía captada"" | "
opt_tunel_mod2_v10_energy_mode_corrected.m,C:\Users\PC\MATLAB Drive\modelo_deshidratador_GA_chile_red_controlado_v1_3_HYBRID_IRR_COMPARE_CONSOLIDADA\02_src_limpio\wrappers\opt_tunel_mod2_v10_energy_mode_corrected.m,75,0.5,"%m_max=0.11; % 0.39;%0.19=0.5;%0.115=0.3;%0.043=0.12;% ""Flujo másico de aire en el captador AH8[kg/s]""","t_rec_fin=40*3600; %Tiempo de fin de recirculación [h] | r_div1=0/100; % Relación de división en D1 | %r_div2=0/100; % Relación de división en D2 (recirculación) | Q_perd_ducto=10/100; % Porcentaje de pérdidas en ducto de recirculación","%T_min=40; %Temperatura mínima antes de M9 [°C] | A_sec=2.25; % ""Área de sección transversal de entrada al túnel [m^2]"" | t_ini=0; %tiempo inicial | t_step=0.1; % paso de tiempo"
opt_tunel_mod2_v10_energy_mode_corrected.m,C:\Users\PC\MATLAB Drive\modelo_deshidratador_GA_chile_red_controlado_v1_3_HYBRID_IRR_COMPARE_CONSOLIDADA\02_src_limpio\wrappers\opt_tunel_mod2_v10_energy_mode_corrected.m,93,eficiencia,"etha_capt=""constante"";%eficiencia ce captación","case ""solar"" | calor_aux = false; | irr_diag.aux_rule = ""solar: calor_aux = false""; | end","LT_AH=65; %Límite de temperatura en AH | T_ini=25; %Temperatura de inicio en Gabinetes, producto y aire |  | tiempo=t_ini:t_step:t_max;"
opt_tunel_mod2_v10_energy_mode_corrected.m,C:\Users\PC\MATLAB Drive\modelo_deshidratador_GA_chile_red_controlado_v1_3_HYBRID_IRR_COMPARE_CONSOLIDADA\02_src_limpio\wrappers\opt_tunel_mod2_v10_energy_mode_corrected.m,147,0.5,"HR_amb(i)=(0.5356*tiempo^3-2.9126*tiempo^2-2.6044*tiempo+59.539)/100; % ""Humedad Relativa""","%         I(i)=I(i);  % ""Irradiancia [W/m^2]"" | %     end | if strcmp(cond_amb,""variable"") | T_amb(i)=1.6031*tiempo+25.204; % ""Temperatura ambiente [°C]""","I(i)=-36.085*tiempo^2+207.22*tiempo+631.33;  % ""Irradiancia [W/m^2]"" | end | if strcmp(cond_amb,""10jun21"") | T_amb(i)=9.7152e-04*tiempo^4-0.0304*tiempo^3+0.2914*tiempo^2-0.2138*tiempo+23.9443; % ""Temperatura ambiente [°C]"""
opt_tunel_mod2_v10_energy_mode_corrected.m,C:\Users\PC\MATLAB Drive\modelo_deshidratador_GA_chile_red_controlado_v1_3_HYBRID_IRR_COMPARE_CONSOLIDADA\02_src_limpio\wrappers\opt_tunel_mod2_v10_energy_mode_corrected.m,153,0.5,"I(i)=0.5125*tiempo^4-12.0790*tiempo^3+66.4485*tiempo^2+44.4091*tiempo+146.7760;  % ""Irradiancia [W/m^2]""","end | if strcmp(cond_amb,""10jun21"") | T_amb(i)=9.7152e-04*tiempo^4-0.0304*tiempo^3+0.2914*tiempo^2-0.2138*tiempo+23.9443; % ""Temperatura ambiente [°C]"" | HR_amb(i)=(-0.0019*tiempo^4+0.1245*tiempo^3-1.3295*tiempo^2-1.9212*tiempo+87.5956)/100; % ""Humedad Relativa""","end | if strcmp(cond_amb,""10jun21_real"") |  | if tiempo==t_ini"
opt_tunel_mod2_v10_energy_mode_corrected.m,C:\Users\PC\MATLAB Drive\modelo_deshidratador_GA_chile_red_controlado_v1_3_HYBRID_IRR_COMPARE_CONSOLIDADA\02_src_limpio\wrappers\opt_tunel_mod2_v10_energy_mode_corrected.m,216,eficiencia,"ETHA_capt(i)=50/100; % ""Eficiencia""","P=3.9; | G=I(i)*1000; | ETHA_capt(i)=0.656-3.48050*(P/G)-0.02380*(P^2/G); | else","end | E_capt(i)=I(i)*A_cap*ETHA_capt(i)/1000; % ""Energía captada"" |  | f_per=0.975;"
opt_tunel_mod2_v10_energy_mode_corrected.m,C:\Users\PC\MATLAB Drive\modelo_deshidratador_GA_chile_red_controlado_v1_3_HYBRID_IRR_COMPARE_CONSOLIDADA\02_src_limpio\wrappers\opt_tunel_mod2_v10_energy_mode_corrected.m,449,eficiencia,"% etha_capt=""constante"";%eficiencia ce captación","% t_ini=0; %tiempo inicial | % t_step=0.1; % paso de tiempo | % cond_amb=""10jun21_real""; | % calor_aux=true;","% LT_AH=60; %Límite de temperatura en AH | % T_ini=25; %Temperatura de inicio en Gabinetes, producto y aire |  | % tiempo=t_ini:t_step:t_max;"
opt_tunel_mod2_v10_energy_mode_corrected.m,C:\Users\PC\MATLAB Drive\modelo_deshidratador_GA_chile_red_controlado_v1_3_HYBRID_IRR_COMPARE_CONSOLIDADA\02_src_limpio\wrappers\opt_tunel_mod2_v10_energy_mode_corrected.m,483,0.5,"%         HR_amb(i)=(0.5356*tiempo^3-2.9126*tiempo^2-2.6044*tiempo+59.539)/100; % ""Humedad Relativa""","%     I(i)=0;  % ""Irradiancia [W/m^2]"" | % | %     if strcmp(cond_amb,""variable"") | %         T_amb(i)=1.6031*tiempo+25.204; % ""Temperatura ambiente [°C]""","%         I(i)=-36.085*tiempo^2+207.22*tiempo+631.33;  % ""Irradiancia [W/m^2]"" | %     end | % | %     if strcmp(cond_amb,""10jun21"")"
opt_tunel_mod2_v10_energy_mode_corrected.m,C:\Users\PC\MATLAB Drive\modelo_deshidratador_GA_chile_red_controlado_v1_3_HYBRID_IRR_COMPARE_CONSOLIDADA\02_src_limpio\wrappers\opt_tunel_mod2_v10_energy_mode_corrected.m,490,0.5,"%         I(i)=0.5125*tiempo^4-12.0790*tiempo^3+66.4485*tiempo^2+44.4091*tiempo+146.7760;  % ""Irradiancia [W/m^2]""","% | %     if strcmp(cond_amb,""10jun21"") | %         T_amb(i)=9.7152e-04*tiempo^4-0.0304*tiempo^3+0.2914*tiempo^2-0.2138*tiempo+23.9443; % ""Temperatura ambiente [°C]"" | %         HR_amb(i)=(-0.0019*tiempo^4+0.1245*tiempo^3-1.3295*tiempo^2-1.9212*tiempo+87.5956)/100; % ""Humedad Relativa""","%     end | % | %     if strcmp(cond_amb,""10jun21_real"") | %"
opt_tunel_mod2_v10_energy_mode_corrected.m,C:\Users\PC\MATLAB Drive\modelo_deshidratador_GA_chile_red_controlado_v1_3_HYBRID_IRR_COMPARE_CONSOLIDADA\02_src_limpio\wrappers\opt_tunel_mod2_v10_energy_mode_corrected.m,542,eficiencia,"%         ETHA_capt(i)=50/100; % ""Eficiencia""","%         P=3.9; | %         G=I(i)*1000; | %         ETHA_capt(i)=0.656-3.48050*(P/G)-0.02380*(P^2/G); | %     else","%     end | % | %     E_capt(i)=I(i)*A_cap*ETHA_capt(i)/1000; % ""Energía captada"" | "
opt_tunel_mod2_v11_solar_tmax_closure_fixed.m,C:\Users\PC\MATLAB Drive\modelo_deshidratador_GA_chile_red_controlado_v1_3_HYBRID_IRR_COMPARE_CONSOLIDADA\02_src_limpio\wrappers\opt_tunel_mod2_v11_solar_tmax_closure_fixed.m,75,0.5,"%m_max=0.11; % 0.39;%0.19=0.5;%0.115=0.3;%0.043=0.12;% ""Flujo másico de aire en el captador AH8[kg/s]""","t_rec_fin=40*3600; %Tiempo de fin de recirculación [h] | r_div1=0/100; % Relación de división en D1 | %r_div2=0/100; % Relación de división en D2 (recirculación) | Q_perd_ducto=10/100; % Porcentaje de pérdidas en ducto de recirculación","%T_min=40; %Temperatura mínima antes de M9 [°C] | A_sec=2.25; % ""Área de sección transversal de entrada al túnel [m^2]"" | t_ini=0; %tiempo inicial | t_step=0.1; % paso de tiempo"
opt_tunel_mod2_v11_solar_tmax_closure_fixed.m,C:\Users\PC\MATLAB Drive\modelo_deshidratador_GA_chile_red_controlado_v1_3_HYBRID_IRR_COMPARE_CONSOLIDADA\02_src_limpio\wrappers\opt_tunel_mod2_v11_solar_tmax_closure_fixed.m,93,eficiencia,"etha_capt=""constante"";%eficiencia ce captación","case ""solar"" | calor_aux = false; | irr_diag.aux_rule = ""solar: calor_aux = false""; | end","LT_AH=65; %Límite de temperatura en AH | T_ini=25; %Temperatura de inicio en Gabinetes, producto y aire |  | tiempo=t_ini:t_step:t_max;"
opt_tunel_mod2_v11_solar_tmax_closure_fixed.m,C:\Users\PC\MATLAB Drive\modelo_deshidratador_GA_chile_red_controlado_v1_3_HYBRID_IRR_COMPARE_CONSOLIDADA\02_src_limpio\wrappers\opt_tunel_mod2_v11_solar_tmax_closure_fixed.m,147,0.5,"HR_amb(i)=(0.5356*tiempo^3-2.9126*tiempo^2-2.6044*tiempo+59.539)/100; % ""Humedad Relativa""","%         I(i)=I(i);  % ""Irradiancia [W/m^2]"" | %     end | if strcmp(cond_amb,""variable"") | T_amb(i)=1.6031*tiempo+25.204; % ""Temperatura ambiente [°C]""","I(i)=-36.085*tiempo^2+207.22*tiempo+631.33;  % ""Irradiancia [W/m^2]"" | end | if strcmp(cond_amb,""10jun21"") | T_amb(i)=9.7152e-04*tiempo^4-0.0304*tiempo^3+0.2914*tiempo^2-0.2138*tiempo+23.9443; % ""Temperatura ambiente [°C]"""
opt_tunel_mod2_v11_solar_tmax_closure_fixed.m,C:\Users\PC\MATLAB Drive\modelo_deshidratador_GA_chile_red_controlado_v1_3_HYBRID_IRR_COMPARE_CONSOLIDADA\02_src_limpio\wrappers\opt_tunel_mod2_v11_solar_tmax_closure_fixed.m,153,0.5,"I(i)=0.5125*tiempo^4-12.0790*tiempo^3+66.4485*tiempo^2+44.4091*tiempo+146.7760;  % ""Irradiancia [W/m^2]""","end | if strcmp(cond_amb,""10jun21"") | T_amb(i)=9.7152e-04*tiempo^4-0.0304*tiempo^3+0.2914*tiempo^2-0.2138*tiempo+23.9443; % ""Temperatura ambiente [°C]"" | HR_amb(i)=(-0.0019*tiempo^4+0.1245*tiempo^3-1.3295*tiempo^2-1.9212*tiempo+87.5956)/100; % ""Humedad Relativa""","end | if strcmp(cond_amb,""10jun21_real"") |  | if tiempo==t_ini"
opt_tunel_mod2_v11_solar_tmax_closure_fixed.m,C:\Users\PC\MATLAB Drive\modelo_deshidratador_GA_chile_red_controlado_v1_3_HYBRID_IRR_COMPARE_CONSOLIDADA\02_src_limpio\wrappers\opt_tunel_mod2_v11_solar_tmax_closure_fixed.m,216,eficiencia,"ETHA_capt(i)=50/100; % ""Eficiencia""","P=3.9; | G=I(i)*1000; | ETHA_capt(i)=0.656-3.48050*(P/G)-0.02380*(P^2/G); | else","end | E_capt(i)=I(i)*A_cap*ETHA_capt(i)/1000; % ""Energía captada"" |  | f_per=0.975;"
opt_tunel_mod2_v11_solar_tmax_closure_fixed.m,C:\Users\PC\MATLAB Drive\modelo_deshidratador_GA_chile_red_controlado_v1_3_HYBRID_IRR_COMPARE_CONSOLIDADA\02_src_limpio\wrappers\opt_tunel_mod2_v11_solar_tmax_closure_fixed.m,458,eficiencia,"% etha_capt=""constante"";%eficiencia ce captación","% t_ini=0; %tiempo inicial | % t_step=0.1; % paso de tiempo | % cond_amb=""10jun21_real""; | % calor_aux=true;","% LT_AH=60; %Límite de temperatura en AH | % T_ini=25; %Temperatura de inicio en Gabinetes, producto y aire |  | % tiempo=t_ini:t_step:t_max;"
opt_tunel_mod2_v11_solar_tmax_closure_fixed.m,C:\Users\PC\MATLAB Drive\modelo_deshidratador_GA_chile_red_controlado_v1_3_HYBRID_IRR_COMPARE_CONSOLIDADA\02_src_limpio\wrappers\opt_tunel_mod2_v11_solar_tmax_closure_fixed.m,492,0.5,"%         HR_amb(i)=(0.5356*tiempo^3-2.9126*tiempo^2-2.6044*tiempo+59.539)/100; % ""Humedad Relativa""","%     I(i)=0;  % ""Irradiancia [W/m^2]"" | % | %     if strcmp(cond_amb,""variable"") | %         T_amb(i)=1.6031*tiempo+25.204; % ""Temperatura ambiente [°C]""","%         I(i)=-36.085*tiempo^2+207.22*tiempo+631.33;  % ""Irradiancia [W/m^2]"" | %     end | % | %     if strcmp(cond_amb,""10jun21"")"
opt_tunel_mod2_v11_solar_tmax_closure_fixed.m,C:\Users\PC\MATLAB Drive\modelo_deshidratador_GA_chile_red_controlado_v1_3_HYBRID_IRR_COMPARE_CONSOLIDADA\02_src_limpio\wrappers\opt_tunel_mod2_v11_solar_tmax_closure_fixed.m,499,0.5,"%         I(i)=0.5125*tiempo^4-12.0790*tiempo^3+66.4485*tiempo^2+44.4091*tiempo+146.7760;  % ""Irradiancia [W/m^2]""","% | %     if strcmp(cond_amb,""10jun21"") | %         T_amb(i)=9.7152e-04*tiempo^4-0.0304*tiempo^3+0.2914*tiempo^2-0.2138*tiempo+23.9443; % ""Temperatura ambiente [°C]"" | %         HR_amb(i)=(-0.0019*tiempo^4+0.1245*tiempo^3-1.3295*tiempo^2-1.9212*tiempo+87.5956)/100; % ""Humedad Relativa""","%     end | % | %     if strcmp(cond_amb,""10jun21_real"") | %"
opt_tunel_mod2_v11_solar_tmax_closure_fixed.m,C:\Users\PC\MATLAB Drive\modelo_deshidratador_GA_chile_red_controlado_v1_3_HYBRID_IRR_COMPARE_CONSOLIDADA\02_src_limpio\wrappers\opt_tunel_mod2_v11_solar_tmax_closure_fixed.m,551,eficiencia,"%         ETHA_capt(i)=50/100; % ""Eficiencia""","%         P=3.9; | %         G=I(i)*1000; | %         ETHA_capt(i)=0.656-3.48050*(P/G)-0.02380*(P^2/G); | %     else","%     end | % | %     E_capt(i)=I(i)*A_cap*ETHA_capt(i)/1000; % ""Energía captada"" | "
opt_tunel_mod2_v12_index_audit.m,C:\Users\PC\MATLAB Drive\modelo_deshidratador_GA_chile_red_controlado_v1_3_HYBRID_IRR_COMPARE_CONSOLIDADA\02_src_limpio\wrappers\opt_tunel_mod2_v12_index_audit.m,75,0.5,"%m_max=0.11; % 0.39;%0.19=0.5;%0.115=0.3;%0.043=0.12;% ""Flujo másico de aire en el captador AH8[kg/s]""","t_rec_fin=40*3600; %Tiempo de fin de recirculación [h] | r_div1=0/100; % Relación de división en D1 | %r_div2=0/100; % Relación de división en D2 (recirculación) | Q_perd_ducto=10/100; % Porcentaje de pérdidas en ducto de recirculación","%T_min=40; %Temperatura mínima antes de M9 [°C] | A_sec=2.25; % ""Área de sección transversal de entrada al túnel [m^2]"" | t_ini=0; %tiempo inicial | t_step=0.1; % paso de tiempo"
opt_tunel_mod2_v12_index_audit.m,C:\Users\PC\MATLAB Drive\modelo_deshidratador_GA_chile_red_controlado_v1_3_HYBRID_IRR_COMPARE_CONSOLIDADA\02_src_limpio\wrappers\opt_tunel_mod2_v12_index_audit.m,93,eficiencia,"etha_capt=""constante"";%eficiencia ce captación","case ""solar"" | calor_aux = false; | irr_diag.aux_rule = ""solar: calor_aux = false""; | end","LT_AH=65; %Límite de temperatura en AH | T_ini=25; %Temperatura de inicio en Gabinetes, producto y aire |  | tiempo=t_ini:t_step:t_max;"
opt_tunel_mod2_v12_index_audit.m,C:\Users\PC\MATLAB Drive\modelo_deshidratador_GA_chile_red_controlado_v1_3_HYBRID_IRR_COMPARE_CONSOLIDADA\02_src_limpio\wrappers\opt_tunel_mod2_v12_index_audit.m,147,0.5,"HR_amb(i)=(0.5356*tiempo^3-2.9126*tiempo^2-2.6044*tiempo+59.539)/100; % ""Humedad Relativa""","%         I(i)=I(i);  % ""Irradiancia [W/m^2]"" | %     end | if strcmp(cond_amb,""variable"") | T_amb(i)=1.6031*tiempo+25.204; % ""Temperatura ambiente [°C]""","I(i)=-36.085*tiempo^2+207.22*tiempo+631.33;  % ""Irradiancia [W/m^2]"" | end | if strcmp(cond_amb,""10jun21"") | T_amb(i)=9.7152e-04*tiempo^4-0.0304*tiempo^3+0.2914*tiempo^2-0.2138*tiempo+23.9443; % ""Temperatura ambiente [°C]"""
opt_tunel_mod2_v12_index_audit.m,C:\Users\PC\MATLAB Drive\modelo_deshidratador_GA_chile_red_controlado_v1_3_HYBRID_IRR_COMPARE_CONSOLIDADA\02_src_limpio\wrappers\opt_tunel_mod2_v12_index_audit.m,153,0.5,"I(i)=0.5125*tiempo^4-12.0790*tiempo^3+66.4485*tiempo^2+44.4091*tiempo+146.7760;  % ""Irradiancia [W/m^2]""","end | if strcmp(cond_amb,""10jun21"") | T_amb(i)=9.7152e-04*tiempo^4-0.0304*tiempo^3+0.2914*tiempo^2-0.2138*tiempo+23.9443; % ""Temperatura ambiente [°C]"" | HR_amb(i)=(-0.0019*tiempo^4+0.1245*tiempo^3-1.3295*tiempo^2-1.9212*tiempo+87.5956)/100; % ""Humedad Relativa""","end | if strcmp(cond_amb,""10jun21_real"") |  | if tiempo==t_ini"
opt_tunel_mod2_v12_index_audit.m,C:\Users\PC\MATLAB Drive\modelo_deshidratador_GA_chile_red_controlado_v1_3_HYBRID_IRR_COMPARE_CONSOLIDADA\02_src_limpio\wrappers\opt_tunel_mod2_v12_index_audit.m,216,eficiencia,"ETHA_capt(i)=50/100; % ""Eficiencia""","P=3.9; | G=I(i)*1000; | ETHA_capt(i)=0.656-3.48050*(P/G)-0.02380*(P^2/G); | else","end | E_capt(i)=I(i)*A_cap*ETHA_capt(i)/1000; % ""Energía captada"" |  | f_per=0.975;"
opt_tunel_mod2_v12_index_audit.m,C:\Users\PC\MATLAB Drive\modelo_deshidratador_GA_chile_red_controlado_v1_3_HYBRID_IRR_COMPARE_CONSOLIDADA\02_src_limpio\wrappers\opt_tunel_mod2_v12_index_audit.m,482,eficiencia,"% etha_capt=""constante"";%eficiencia ce captación","% t_ini=0; %tiempo inicial | % t_step=0.1; % paso de tiempo | % cond_amb=""10jun21_real""; | % calor_aux=true;","% LT_AH=60; %Límite de temperatura en AH | % T_ini=25; %Temperatura de inicio en Gabinetes, producto y aire |  | % tiempo=t_ini:t_step:t_max;"
opt_tunel_mod2_v12_index_audit.m,C:\Users\PC\MATLAB Drive\modelo_deshidratador_GA_chile_red_controlado_v1_3_HYBRID_IRR_COMPARE_CONSOLIDADA\02_src_limpio\wrappers\opt_tunel_mod2_v12_index_audit.m,516,0.5,"%         HR_amb(i)=(0.5356*tiempo^3-2.9126*tiempo^2-2.6044*tiempo+59.539)/100; % ""Humedad Relativa""","%     I(i)=0;  % ""Irradiancia [W/m^2]"" | % | %     if strcmp(cond_amb,""variable"") | %         T_amb(i)=1.6031*tiempo+25.204; % ""Temperatura ambiente [°C]""","%         I(i)=-36.085*tiempo^2+207.22*tiempo+631.33;  % ""Irradiancia [W/m^2]"" | %     end | % | %     if strcmp(cond_amb,""10jun21"")"
opt_tunel_mod2_v12_index_audit.m,C:\Users\PC\MATLAB Drive\modelo_deshidratador_GA_chile_red_controlado_v1_3_HYBRID_IRR_COMPARE_CONSOLIDADA\02_src_limpio\wrappers\opt_tunel_mod2_v12_index_audit.m,523,0.5,"%         I(i)=0.5125*tiempo^4-12.0790*tiempo^3+66.4485*tiempo^2+44.4091*tiempo+146.7760;  % ""Irradiancia [W/m^2]""","% | %     if strcmp(cond_amb,""10jun21"") | %         T_amb(i)=9.7152e-04*tiempo^4-0.0304*tiempo^3+0.2914*tiempo^2-0.2138*tiempo+23.9443; % ""Temperatura ambiente [°C]"" | %         HR_amb(i)=(-0.0019*tiempo^4+0.1245*tiempo^3-1.3295*tiempo^2-1.9212*tiempo+87.5956)/100; % ""Humedad Relativa""","%     end | % | %     if strcmp(cond_amb,""10jun21_real"") | %"
opt_tunel_mod2_v12_index_audit.m,C:\Users\PC\MATLAB Drive\modelo_deshidratador_GA_chile_red_controlado_v1_3_HYBRID_IRR_COMPARE_CONSOLIDADA\02_src_limpio\wrappers\opt_tunel_mod2_v12_index_audit.m,575,eficiencia,"%         ETHA_capt(i)=50/100; % ""Eficiencia""","%         P=3.9; | %         G=I(i)*1000; | %         ETHA_capt(i)=0.656-3.48050*(P/G)-0.02380*(P^2/G); | %     else","%     end | % | %     E_capt(i)=I(i)*A_cap*ETHA_capt(i)/1000; % ""Energía captada"" | "
opt_tunel_mod2_v13_internal_state_trace.m,C:\Users\PC\MATLAB Drive\modelo_deshidratador_GA_chile_red_controlado_v1_3_HYBRID_IRR_COMPARE_CONSOLIDADA\02_src_limpio\wrappers\opt_tunel_mod2_v13_internal_state_trace.m,77,0.5,"%m_max=0.11; % 0.39;%0.19=0.5;%0.115=0.3;%0.043=0.12;% ""Flujo másico de aire en el captador AH8[kg/s]""","t_rec_fin=40*3600; %Tiempo de fin de recirculación [h] | r_div1=0/100; % Relación de división en D1 | %r_div2=0/100; % Relación de división en D2 (recirculación) | Q_perd_ducto=10/100; % Porcentaje de pérdidas en ducto de recirculación","%T_min=40; %Temperatura mínima antes de M9 [°C] | A_sec=2.25; % ""Área de sección transversal de entrada al túnel [m^2]"" | t_ini=0; %tiempo inicial | t_step=0.1; % paso de tiempo"
opt_tunel_mod2_v13_internal_state_trace.m,C:\Users\PC\MATLAB Drive\modelo_deshidratador_GA_chile_red_controlado_v1_3_HYBRID_IRR_COMPARE_CONSOLIDADA\02_src_limpio\wrappers\opt_tunel_mod2_v13_internal_state_trace.m,95,eficiencia,"etha_capt=""constante"";%eficiencia ce captación","case ""solar"" | calor_aux = false; | irr_diag.aux_rule = ""solar: calor_aux = false""; | end","LT_AH=65; %Límite de temperatura en AH | T_ini=25; %Temperatura de inicio en Gabinetes, producto y aire |  | tiempo=t_ini:t_step:t_max;"
opt_tunel_mod2_v13_internal_state_trace.m,C:\Users\PC\MATLAB Drive\modelo_deshidratador_GA_chile_red_controlado_v1_3_HYBRID_IRR_COMPARE_CONSOLIDADA\02_src_limpio\wrappers\opt_tunel_mod2_v13_internal_state_trace.m,149,0.5,"HR_amb(i)=(0.5356*tiempo^3-2.9126*tiempo^2-2.6044*tiempo+59.539)/100; % ""Humedad Relativa""","%         I(i)=I(i);  % ""Irradiancia [W/m^2]"" | %     end | if strcmp(cond_amb,""variable"") | T_amb(i)=1.6031*tiempo+25.204; % ""Temperatura ambiente [°C]""","I(i)=-36.085*tiempo^2+207.22*tiempo+631.33;  % ""Irradiancia [W/m^2]"" | end | if strcmp(cond_amb,""10jun21"") | T_amb(i)=9.7152e-04*tiempo^4-0.0304*tiempo^3+0.2914*tiempo^2-0.2138*tiempo+23.9443; % ""Temperatura ambiente [°C]"""
opt_tunel_mod2_v13_internal_state_trace.m,C:\Users\PC\MATLAB Drive\modelo_deshidratador_GA_chile_red_controlado_v1_3_HYBRID_IRR_COMPARE_CONSOLIDADA\02_src_limpio\wrappers\opt_tunel_mod2_v13_internal_state_trace.m,155,0.5,"I(i)=0.5125*tiempo^4-12.0790*tiempo^3+66.4485*tiempo^2+44.4091*tiempo+146.7760;  % ""Irradiancia [W/m^2]""","end | if strcmp(cond_amb,""10jun21"") | T_amb(i)=9.7152e-04*tiempo^4-0.0304*tiempo^3+0.2914*tiempo^2-0.2138*tiempo+23.9443; % ""Temperatura ambiente [°C]"" | HR_amb(i)=(-0.0019*tiempo^4+0.1245*tiempo^3-1.3295*tiempo^2-1.9212*tiempo+87.5956)/100; % ""Humedad Relativa""","end | if strcmp(cond_amb,""10jun21_real"") |  | if tiempo==t_ini"
opt_tunel_mod2_v13_internal_state_trace.m,C:\Users\PC\MATLAB Drive\modelo_deshidratador_GA_chile_red_controlado_v1_3_HYBRID_IRR_COMPARE_CONSOLIDADA\02_src_limpio\wrappers\opt_tunel_mod2_v13_internal_state_trace.m,218,eficiencia,"ETHA_capt(i)=50/100; % ""Eficiencia""","P=3.9; | G=I(i)*1000; | ETHA_capt(i)=0.656-3.48050*(P/G)-0.02380*(P^2/G); | else","end | E_capt(i)=I(i)*A_cap*ETHA_capt(i)/1000; % ""Energía captada"" |  | f_per=0.975;"
opt_tunel_mod2_v13_internal_state_trace.m,C:\Users\PC\MATLAB Drive\modelo_deshidratador_GA_chile_red_controlado_v1_3_HYBRID_IRR_COMPARE_CONSOLIDADA\02_src_limpio\wrappers\opt_tunel_mod2_v13_internal_state_trace.m,463,eficiencia,"% etha_capt=""constante"";%eficiencia ce captación","% t_ini=0; %tiempo inicial | % t_step=0.1; % paso de tiempo | % cond_amb=""10jun21_real""; | % calor_aux=true;","% LT_AH=60; %Límite de temperatura en AH | % T_ini=25; %Temperatura de inicio en Gabinetes, producto y aire |  | % tiempo=t_ini:t_step:t_max;"
opt_tunel_mod2_v13_internal_state_trace.m,C:\Users\PC\MATLAB Drive\modelo_deshidratador_GA_chile_red_controlado_v1_3_HYBRID_IRR_COMPARE_CONSOLIDADA\02_src_limpio\wrappers\opt_tunel_mod2_v13_internal_state_trace.m,497,0.5,"%         HR_amb(i)=(0.5356*tiempo^3-2.9126*tiempo^2-2.6044*tiempo+59.539)/100; % ""Humedad Relativa""","%     I(i)=0;  % ""Irradiancia [W/m^2]"" | % | %     if strcmp(cond_amb,""variable"") | %         T_amb(i)=1.6031*tiempo+25.204; % ""Temperatura ambiente [°C]""","%         I(i)=-36.085*tiempo^2+207.22*tiempo+631.33;  % ""Irradiancia [W/m^2]"" | %     end | % | %     if strcmp(cond_amb,""10jun21"")"
opt_tunel_mod2_v13_internal_state_trace.m,C:\Users\PC\MATLAB Drive\modelo_deshidratador_GA_chile_red_controlado_v1_3_HYBRID_IRR_COMPARE_CONSOLIDADA\02_src_limpio\wrappers\opt_tunel_mod2_v13_internal_state_trace.m,504,0.5,"%         I(i)=0.5125*tiempo^4-12.0790*tiempo^3+66.4485*tiempo^2+44.4091*tiempo+146.7760;  % ""Irradiancia [W/m^2]""","% | %     if strcmp(cond_amb,""10jun21"") | %         T_amb(i)=9.7152e-04*tiempo^4-0.0304*tiempo^3+0.2914*tiempo^2-0.2138*tiempo+23.9443; % ""Temperatura ambiente [°C]"" | %         HR_amb(i)=(-0.0019*tiempo^4+0.1245*tiempo^3-1.3295*tiempo^2-1.9212*tiempo+87.5956)/100; % ""Humedad Relativa""","%     end | % | %     if strcmp(cond_amb,""10jun21_real"") | %"
opt_tunel_mod2_v13_internal_state_trace.m,C:\Users\PC\MATLAB Drive\modelo_deshidratador_GA_chile_red_controlado_v1_3_HYBRID_IRR_COMPARE_CONSOLIDADA\02_src_limpio\wrappers\opt_tunel_mod2_v13_internal_state_trace.m,556,eficiencia,"%         ETHA_capt(i)=50/100; % ""Eficiencia""","%         P=3.9; | %         G=I(i)*1000; | %         ETHA_capt(i)=0.656-3.48050*(P/G)-0.02380*(P^2/G); | %     else","%     end | % | %     E_capt(i)=I(i)*A_cap*ETHA_capt(i)/1000; % ""Energía captada"" | "
opt_tunel_mod2_v14_full_workspace_trace.m,C:\Users\PC\MATLAB Drive\modelo_deshidratador_GA_chile_red_controlado_v1_3_HYBRID_IRR_COMPARE_CONSOLIDADA\02_src_limpio\wrappers\opt_tunel_mod2_v14_full_workspace_trace.m,78,0.5,"%m_max=0.11; % 0.39;%0.19=0.5;%0.115=0.3;%0.043=0.12;% ""Flujo másico de aire en el captador AH8[kg/s]""","t_rec_fin=40*3600; %Tiempo de fin de recirculación [h] | r_div1=0/100; % Relación de división en D1 | %r_div2=0/100; % Relación de división en D2 (recirculación) | Q_perd_ducto=10/100; % Porcentaje de pérdidas en ducto de recirculación","%T_min=40; %Temperatura mínima antes de M9 [°C] | A_sec=2.25; % ""Área de sección transversal de entrada al túnel [m^2]"" | t_ini=0; %tiempo inicial | t_step=0.1; % paso de tiempo"
opt_tunel_mod2_v14_full_workspace_trace.m,C:\Users\PC\MATLAB Drive\modelo_deshidratador_GA_chile_red_controlado_v1_3_HYBRID_IRR_COMPARE_CONSOLIDADA\02_src_limpio\wrappers\opt_tunel_mod2_v14_full_workspace_trace.m,96,eficiencia,"etha_capt=""constante"";%eficiencia ce captación","case ""solar"" | calor_aux = false; | irr_diag.aux_rule = ""solar: calor_aux = false""; | end","LT_AH=65; %Límite de temperatura en AH | T_ini=25; %Temperatura de inicio en Gabinetes, producto y aire |  | tiempo=t_ini:t_step:t_max;"
opt_tunel_mod2_v14_full_workspace_trace.m,C:\Users\PC\MATLAB Drive\modelo_deshidratador_GA_chile_red_controlado_v1_3_HYBRID_IRR_COMPARE_CONSOLIDADA\02_src_limpio\wrappers\opt_tunel_mod2_v14_full_workspace_trace.m,150,0.5,"HR_amb(i)=(0.5356*tiempo^3-2.9126*tiempo^2-2.6044*tiempo+59.539)/100; % ""Humedad Relativa""","%         I(i)=I(i);  % ""Irradiancia [W/m^2]"" | %     end | if strcmp(cond_amb,""variable"") | T_amb(i)=1.6031*tiempo+25.204; % ""Temperatura ambiente [°C]""","I(i)=-36.085*tiempo^2+207.22*tiempo+631.33;  % ""Irradiancia [W/m^2]"" | end | if strcmp(cond_amb,""10jun21"") | T_amb(i)=9.7152e-04*tiempo^4-0.0304*tiempo^3+0.2914*tiempo^2-0.2138*tiempo+23.9443; % ""Temperatura ambiente [°C]"""
opt_tunel_mod2_v14_full_workspace_trace.m,C:\Users\PC\MATLAB Drive\modelo_deshidratador_GA_chile_red_controlado_v1_3_HYBRID_IRR_COMPARE_CONSOLIDADA\02_src_limpio\wrappers\opt_tunel_mod2_v14_full_workspace_trace.m,156,0.5,"I(i)=0.5125*tiempo^4-12.0790*tiempo^3+66.4485*tiempo^2+44.4091*tiempo+146.7760;  % ""Irradiancia [W/m^2]""","end | if strcmp(cond_amb,""10jun21"") | T_amb(i)=9.7152e-04*tiempo^4-0.0304*tiempo^3+0.2914*tiempo^2-0.2138*tiempo+23.9443; % ""Temperatura ambiente [°C]"" | HR_amb(i)=(-0.0019*tiempo^4+0.1245*tiempo^3-1.3295*tiempo^2-1.9212*tiempo+87.5956)/100; % ""Humedad Relativa""","end | if strcmp(cond_amb,""10jun21_real"") |  | if tiempo==t_ini"
opt_tunel_mod2_v14_full_workspace_trace.m,C:\Users\PC\MATLAB Drive\modelo_deshidratador_GA_chile_red_controlado_v1_3_HYBRID_IRR_COMPARE_CONSOLIDADA\02_src_limpio\wrappers\opt_tunel_mod2_v14_full_workspace_trace.m,219,eficiencia,"ETHA_capt(i)=50/100; % ""Eficiencia""","P=3.9; | G=I(i)*1000; | ETHA_capt(i)=0.656-3.48050*(P/G)-0.02380*(P^2/G); | else","end | E_capt(i)=I(i)*A_cap*ETHA_capt(i)/1000; % ""Energía captada"" |  | f_per=0.975;"
opt_tunel_mod2_v14_full_workspace_trace.m,C:\Users\PC\MATLAB Drive\modelo_deshidratador_GA_chile_red_controlado_v1_3_HYBRID_IRR_COMPARE_CONSOLIDADA\02_src_limpio\wrappers\opt_tunel_mod2_v14_full_workspace_trace.m,480,eficiencia,"% etha_capt=""constante"";%eficiencia ce captación","% t_ini=0; %tiempo inicial | % t_step=0.1; % paso de tiempo | % cond_amb=""10jun21_real""; | % calor_aux=true;","% LT_AH=60; %Límite de temperatura en AH | % T_ini=25; %Temperatura de inicio en Gabinetes, producto y aire |  | % tiempo=t_ini:t_step:t_max;"
opt_tunel_mod2_v14_full_workspace_trace.m,C:\Users\PC\MATLAB Drive\modelo_deshidratador_GA_chile_red_controlado_v1_3_HYBRID_IRR_COMPARE_CONSOLIDADA\02_src_limpio\wrappers\opt_tunel_mod2_v14_full_workspace_trace.m,514,0.5,"%         HR_amb(i)=(0.5356*tiempo^3-2.9126*tiempo^2-2.6044*tiempo+59.539)/100; % ""Humedad Relativa""","%     I(i)=0;  % ""Irradiancia [W/m^2]"" | % | %     if strcmp(cond_amb,""variable"") | %         T_amb(i)=1.6031*tiempo+25.204; % ""Temperatura ambiente [°C]""","%         I(i)=-36.085*tiempo^2+207.22*tiempo+631.33;  % ""Irradiancia [W/m^2]"" | %     end | % | %     if strcmp(cond_amb,""10jun21"")"
opt_tunel_mod2_v14_full_workspace_trace.m,C:\Users\PC\MATLAB Drive\modelo_deshidratador_GA_chile_red_controlado_v1_3_HYBRID_IRR_COMPARE_CONSOLIDADA\02_src_limpio\wrappers\opt_tunel_mod2_v14_full_workspace_trace.m,521,0.5,"%         I(i)=0.5125*tiempo^4-12.0790*tiempo^3+66.4485*tiempo^2+44.4091*tiempo+146.7760;  % ""Irradiancia [W/m^2]""","% | %     if strcmp(cond_amb,""10jun21"") | %         T_amb(i)=9.7152e-04*tiempo^4-0.0304*tiempo^3+0.2914*tiempo^2-0.2138*tiempo+23.9443; % ""Temperatura ambiente [°C]"" | %         HR_amb(i)=(-0.0019*tiempo^4+0.1245*tiempo^3-1.3295*tiempo^2-1.9212*tiempo+87.5956)/100; % ""Humedad Relativa""","%     end | % | %     if strcmp(cond_amb,""10jun21_real"") | %"
opt_tunel_mod2_v14_full_workspace_trace.m,C:\Users\PC\MATLAB Drive\modelo_deshidratador_GA_chile_red_controlado_v1_3_HYBRID_IRR_COMPARE_CONSOLIDADA\02_src_limpio\wrappers\opt_tunel_mod2_v14_full_workspace_trace.m,573,eficiencia,"%         ETHA_capt(i)=50/100; % ""Eficiencia""","%         P=3.9; | %         G=I(i)*1000; | %         ETHA_capt(i)=0.656-3.48050*(P/G)-0.02380*(P^2/G); | %     else","%     end | % | %     E_capt(i)=I(i)*A_cap*ETHA_capt(i)/1000; % ""Energía captada"" | "
opt_tunel_mod2_v15_nonphysical_guard.m,C:\Users\PC\MATLAB Drive\modelo_deshidratador_GA_chile_red_controlado_v1_3_HYBRID_IRR_COMPARE_CONSOLIDADA\02_src_limpio\wrappers\opt_tunel_mod2_v15_nonphysical_guard.m,78,0.5,"%m_max=0.11; % 0.39;%0.19=0.5;%0.115=0.3;%0.043=0.12;% ""Flujo másico de aire en el captador AH8[kg/s]""","t_rec_fin=40*3600; %Tiempo de fin de recirculación [h] | r_div1=0/100; % Relación de división en D1 | %r_div2=0/100; % Relación de división en D2 (recirculación) | Q_perd_ducto=10/100; % Porcentaje de pérdidas en ducto de recirculación","%T_min=40; %Temperatura mínima antes de M9 [°C] | A_sec=2.25; % ""Área de sección transversal de entrada al túnel [m^2]"" | t_ini=0; %tiempo inicial | t_step=0.1; % paso de tiempo"
opt_tunel_mod2_v15_nonphysical_guard.m,C:\Users\PC\MATLAB Drive\modelo_deshidratador_GA_chile_red_controlado_v1_3_HYBRID_IRR_COMPARE_CONSOLIDADA\02_src_limpio\wrappers\opt_tunel_mod2_v15_nonphysical_guard.m,96,eficiencia,"etha_capt=""constante"";%eficiencia ce captación","case ""solar"" | calor_aux = false; | irr_diag.aux_rule = ""solar: calor_aux = false""; | end","LT_AH=65; %Límite de temperatura en AH | T_ini=25; %Temperatura de inicio en Gabinetes, producto y aire |  | tiempo=t_ini:t_step:t_max;"
opt_tunel_mod2_v15_nonphysical_guard.m,C:\Users\PC\MATLAB Drive\modelo_deshidratador_GA_chile_red_controlado_v1_3_HYBRID_IRR_COMPARE_CONSOLIDADA\02_src_limpio\wrappers\opt_tunel_mod2_v15_nonphysical_guard.m,150,0.5,"HR_amb(i)=(0.5356*tiempo^3-2.9126*tiempo^2-2.6044*tiempo+59.539)/100; % ""Humedad Relativa""","%         I(i)=I(i);  % ""Irradiancia [W/m^2]"" | %     end | if strcmp(cond_amb,""variable"") | T_amb(i)=1.6031*tiempo+25.204; % ""Temperatura ambiente [°C]""","I(i)=-36.085*tiempo^2+207.22*tiempo+631.33;  % ""Irradiancia [W/m^2]"" | end | if strcmp(cond_amb,""10jun21"") | T_amb(i)=9.7152e-04*tiempo^4-0.0304*tiempo^3+0.2914*tiempo^2-0.2138*tiempo+23.9443; % ""Temperatura ambiente [°C]"""
opt_tunel_mod2_v15_nonphysical_guard.m,C:\Users\PC\MATLAB Drive\modelo_deshidratador_GA_chile_red_controlado_v1_3_HYBRID_IRR_COMPARE_CONSOLIDADA\02_src_limpio\wrappers\opt_tunel_mod2_v15_nonphysical_guard.m,156,0.5,"I(i)=0.5125*tiempo^4-12.0790*tiempo^3+66.4485*tiempo^2+44.4091*tiempo+146.7760;  % ""Irradiancia [W/m^2]""","end | if strcmp(cond_amb,""10jun21"") | T_amb(i)=9.7152e-04*tiempo^4-0.0304*tiempo^3+0.2914*tiempo^2-0.2138*tiempo+23.9443; % ""Temperatura ambiente [°C]"" | HR_amb(i)=(-0.0019*tiempo^4+0.1245*tiempo^3-1.3295*tiempo^2-1.9212*tiempo+87.5956)/100; % ""Humedad Relativa""","end | if strcmp(cond_amb,""10jun21_real"") |  | if tiempo==t_ini"
opt_tunel_mod2_v15_nonphysical_guard.m,C:\Users\PC\MATLAB Drive\modelo_deshidratador_GA_chile_red_controlado_v1_3_HYBRID_IRR_COMPARE_CONSOLIDADA\02_src_limpio\wrappers\opt_tunel_mod2_v15_nonphysical_guard.m,219,eficiencia,"ETHA_capt(i)=50/100; % ""Eficiencia""","P=3.9; | G=I(i)*1000; | ETHA_capt(i)=0.656-3.48050*(P/G)-0.02380*(P^2/G); | else","end | E_capt(i)=I(i)*A_cap*ETHA_capt(i)/1000; % ""Energía captada"" |  | f_per=0.975;"
opt_tunel_mod2_v15_nonphysical_guard.m,C:\Users\PC\MATLAB Drive\modelo_deshidratador_GA_chile_red_controlado_v1_3_HYBRID_IRR_COMPARE_CONSOLIDADA\02_src_limpio\wrappers\opt_tunel_mod2_v15_nonphysical_guard.m,478,eficiencia,"% etha_capt=""constante"";%eficiencia ce captación","% t_ini=0; %tiempo inicial | % t_step=0.1; % paso de tiempo | % cond_amb=""10jun21_real""; | % calor_aux=true;","% LT_AH=60; %Límite de temperatura en AH | % T_ini=25; %Temperatura de inicio en Gabinetes, producto y aire |  | % tiempo=t_ini:t_step:t_max;"
opt_tunel_mod2_v15_nonphysical_guard.m,C:\Users\PC\MATLAB Drive\modelo_deshidratador_GA_chile_red_controlado_v1_3_HYBRID_IRR_COMPARE_CONSOLIDADA\02_src_limpio\wrappers\opt_tunel_mod2_v15_nonphysical_guard.m,512,0.5,"%         HR_amb(i)=(0.5356*tiempo^3-2.9126*tiempo^2-2.6044*tiempo+59.539)/100; % ""Humedad Relativa""","%     I(i)=0;  % ""Irradiancia [W/m^2]"" | % | %     if strcmp(cond_amb,""variable"") | %         T_amb(i)=1.6031*tiempo+25.204; % ""Temperatura ambiente [°C]""","%         I(i)=-36.085*tiempo^2+207.22*tiempo+631.33;  % ""Irradiancia [W/m^2]"" | %     end | % | %     if strcmp(cond_amb,""10jun21"")"
opt_tunel_mod2_v15_nonphysical_guard.m,C:\Users\PC\MATLAB Drive\modelo_deshidratador_GA_chile_red_controlado_v1_3_HYBRID_IRR_COMPARE_CONSOLIDADA\02_src_limpio\wrappers\opt_tunel_mod2_v15_nonphysical_guard.m,519,0.5,"%         I(i)=0.5125*tiempo^4-12.0790*tiempo^3+66.4485*tiempo^2+44.4091*tiempo+146.7760;  % ""Irradiancia [W/m^2]""","% | %     if strcmp(cond_amb,""10jun21"") | %         T_amb(i)=9.7152e-04*tiempo^4-0.0304*tiempo^3+0.2914*tiempo^2-0.2138*tiempo+23.9443; % ""Temperatura ambiente [°C]"" | %         HR_amb(i)=(-0.0019*tiempo^4+0.1245*tiempo^3-1.3295*tiempo^2-1.9212*tiempo+87.5956)/100; % ""Humedad Relativa""","%     end | % | %     if strcmp(cond_amb,""10jun21_real"") | %"
opt_tunel_mod2_v15_nonphysical_guard.m,C:\Users\PC\MATLAB Drive\modelo_deshidratador_GA_chile_red_controlado_v1_3_HYBRID_IRR_COMPARE_CONSOLIDADA\02_src_limpio\wrappers\opt_tunel_mod2_v15_nonphysical_guard.m,571,eficiencia,"%         ETHA_capt(i)=50/100; % ""Eficiencia""","%         P=3.9; | %         G=I(i)*1000; | %         ETHA_capt(i)=0.656-3.48050*(P/G)-0.02380*(P^2/G); | %     else","%     end | % | %     E_capt(i)=I(i)*A_cap*ETHA_capt(i)/1000; % ""Energía captada"" | "
opt_tunel_mod2_v16_nonphysical_penalty.m,C:\Users\PC\MATLAB Drive\modelo_deshidratador_GA_chile_red_controlado_v1_3_HYBRID_IRR_COMPARE_CONSOLIDADA\02_src_limpio\wrappers\opt_tunel_mod2_v16_nonphysical_penalty.m,78,0.5,"%m_max=0.11; % 0.39;%0.19=0.5;%0.115=0.3;%0.043=0.12;% ""Flujo másico de aire en el captador AH8[kg/s]""","t_rec_fin=40*3600; %Tiempo de fin de recirculación [h] | r_div1=0/100; % Relación de división en D1 | %r_div2=0/100; % Relación de división en D2 (recirculación) | Q_perd_ducto=10/100; % Porcentaje de pérdidas en ducto de recirculación","%T_min=40; %Temperatura mínima antes de M9 [°C] | A_sec=2.25; % ""Área de sección transversal de entrada al túnel [m^2]"" | t_ini=0; %tiempo inicial | t_step=0.1; % paso de tiempo"
opt_tunel_mod2_v16_nonphysical_penalty.m,C:\Users\PC\MATLAB Drive\modelo_deshidratador_GA_chile_red_controlado_v1_3_HYBRID_IRR_COMPARE_CONSOLIDADA\02_src_limpio\wrappers\opt_tunel_mod2_v16_nonphysical_penalty.m,96,eficiencia,"etha_capt=""constante"";%eficiencia ce captación","case ""solar"" | calor_aux = false; | irr_diag.aux_rule = ""solar: calor_aux = false""; | end","LT_AH=65; %Límite de temperatura en AH | T_ini=25; %Temperatura de inicio en Gabinetes, producto y aire |  | tiempo=t_ini:t_step:t_max;"
opt_tunel_mod2_v16_nonphysical_penalty.m,C:\Users\PC\MATLAB Drive\modelo_deshidratador_GA_chile_red_controlado_v1_3_HYBRID_IRR_COMPARE_CONSOLIDADA\02_src_limpio\wrappers\opt_tunel_mod2_v16_nonphysical_penalty.m,150,0.5,"HR_amb(i)=(0.5356*tiempo^3-2.9126*tiempo^2-2.6044*tiempo+59.539)/100; % ""Humedad Relativa""","%         I(i)=I(i);  % ""Irradiancia [W/m^2]"" | %     end | if strcmp(cond_amb,""variable"") | T_amb(i)=1.6031*tiempo+25.204; % ""Temperatura ambiente [°C]""","I(i)=-36.085*tiempo^2+207.22*tiempo+631.33;  % ""Irradiancia [W/m^2]"" | end | if strcmp(cond_amb,""10jun21"") | T_amb(i)=9.7152e-04*tiempo^4-0.0304*tiempo^3+0.2914*tiempo^2-0.2138*tiempo+23.9443; % ""Temperatura ambiente [°C]"""
opt_tunel_mod2_v16_nonphysical_penalty.m,C:\Users\PC\MATLAB Drive\modelo_deshidratador_GA_chile_red_controlado_v1_3_HYBRID_IRR_COMPARE_CONSOLIDADA\02_src_limpio\wrappers\opt_tunel_mod2_v16_nonphysical_penalty.m,156,0.5,"I(i)=0.5125*tiempo^4-12.0790*tiempo^3+66.4485*tiempo^2+44.4091*tiempo+146.7760;  % ""Irradiancia [W/m^2]""","end | if strcmp(cond_amb,""10jun21"") | T_amb(i)=9.7152e-04*tiempo^4-0.0304*tiempo^3+0.2914*tiempo^2-0.2138*tiempo+23.9443; % ""Temperatura ambiente [°C]"" | HR_amb(i)=(-0.0019*tiempo^4+0.1245*tiempo^3-1.3295*tiempo^2-1.9212*tiempo+87.5956)/100; % ""Humedad Relativa""","end | if strcmp(cond_amb,""10jun21_real"") |  | if tiempo==t_ini"
opt_tunel_mod2_v16_nonphysical_penalty.m,C:\Users\PC\MATLAB Drive\modelo_deshidratador_GA_chile_red_controlado_v1_3_HYBRID_IRR_COMPARE_CONSOLIDADA\02_src_limpio\wrappers\opt_tunel_mod2_v16_nonphysical_penalty.m,219,eficiencia,"ETHA_capt(i)=50/100; % ""Eficiencia""","P=3.9; | G=I(i)*1000; | ETHA_capt(i)=0.656-3.48050*(P/G)-0.02380*(P^2/G); | else","end | E_capt(i)=I(i)*A_cap*ETHA_capt(i)/1000; % ""Energía captada"" |  | f_per=0.975;"
opt_tunel_mod2_v16_nonphysical_penalty.m,C:\Users\PC\MATLAB Drive\modelo_deshidratador_GA_chile_red_controlado_v1_3_HYBRID_IRR_COMPARE_CONSOLIDADA\02_src_limpio\wrappers\opt_tunel_mod2_v16_nonphysical_penalty.m,529,eficiencia,"% etha_capt=""constante"";%eficiencia ce captación","% t_ini=0; %tiempo inicial | % t_step=0.1; % paso de tiempo | % cond_amb=""10jun21_real""; | % calor_aux=true;","% LT_AH=60; %Límite de temperatura en AH | % T_ini=25; %Temperatura de inicio en Gabinetes, producto y aire |  | % tiempo=t_ini:t_step:t_max;"
opt_tunel_mod2_v16_nonphysical_penalty.m,C:\Users\PC\MATLAB Drive\modelo_deshidratador_GA_chile_red_controlado_v1_3_HYBRID_IRR_COMPARE_CONSOLIDADA\02_src_limpio\wrappers\opt_tunel_mod2_v16_nonphysical_penalty.m,563,0.5,"%         HR_amb(i)=(0.5356*tiempo^3-2.9126*tiempo^2-2.6044*tiempo+59.539)/100; % ""Humedad Relativa""","%     I(i)=0;  % ""Irradiancia [W/m^2]"" | % | %     if strcmp(cond_amb,""variable"") | %         T_amb(i)=1.6031*tiempo+25.204; % ""Temperatura ambiente [°C]""","%         I(i)=-36.085*tiempo^2+207.22*tiempo+631.33;  % ""Irradiancia [W/m^2]"" | %     end | % | %     if strcmp(cond_amb,""10jun21"")"
opt_tunel_mod2_v16_nonphysical_penalty.m,C:\Users\PC\MATLAB Drive\modelo_deshidratador_GA_chile_red_controlado_v1_3_HYBRID_IRR_COMPARE_CONSOLIDADA\02_src_limpio\wrappers\opt_tunel_mod2_v16_nonphysical_penalty.m,570,0.5,"%         I(i)=0.5125*tiempo^4-12.0790*tiempo^3+66.4485*tiempo^2+44.4091*tiempo+146.7760;  % ""Irradiancia [W/m^2]""","% | %     if strcmp(cond_amb,""10jun21"") | %         T_amb(i)=9.7152e-04*tiempo^4-0.0304*tiempo^3+0.2914*tiempo^2-0.2138*tiempo+23.9443; % ""Temperatura ambiente [°C]"" | %         HR_amb(i)=(-0.0019*tiempo^4+0.1245*tiempo^3-1.3295*tiempo^2-1.9212*tiempo+87.5956)/100; % ""Humedad Relativa""","%     end | % | %     if strcmp(cond_amb,""10jun21_real"") | %"
opt_tunel_mod2_v16_nonphysical_penalty.m,C:\Users\PC\MATLAB Drive\modelo_deshidratador_GA_chile_red_controlado_v1_3_HYBRID_IRR_COMPARE_CONSOLIDADA\02_src_limpio\wrappers\opt_tunel_mod2_v16_nonphysical_penalty.m,622,eficiencia,"%         ETHA_capt(i)=50/100; % ""Eficiencia""","%         P=3.9; | %         G=I(i)*1000; | %         ETHA_capt(i)=0.656-3.48050*(P/G)-0.02380*(P^2/G); | %     else","%     end | % | %     E_capt(i)=I(i)*A_cap*ETHA_capt(i)/1000; % ""Energía captada"" | "
opt_tunel_mod2_v17_nonphysical_penalty.m,C:\Users\PC\MATLAB Drive\modelo_deshidratador_GA_chile_red_controlado_v1_3_HYBRID_IRR_COMPARE_CONSOLIDADA\02_src_limpio\wrappers\opt_tunel_mod2_v17_nonphysical_penalty.m,78,0.5,"%m_max=0.11; % 0.39;%0.19=0.5;%0.115=0.3;%0.043=0.12;% ""Flujo másico de aire en el captador AH8[kg/s]""","t_rec_fin=40*3600; %Tiempo de fin de recirculación [h] | r_div1=0/100; % Relación de división en D1 | %r_div2=0/100; % Relación de división en D2 (recirculación) | Q_perd_ducto=10/100; % Porcentaje de pérdidas en ducto de recirculación","%T_min=40; %Temperatura mínima antes de M9 [°C] | A_sec=2.25; % ""Área de sección transversal de entrada al túnel [m^2]"" | t_ini=0; %tiempo inicial | t_step=0.1; % paso de tiempo"
opt_tunel_mod2_v17_nonphysical_penalty.m,C:\Users\PC\MATLAB Drive\modelo_deshidratador_GA_chile_red_controlado_v1_3_HYBRID_IRR_COMPARE_CONSOLIDADA\02_src_limpio\wrappers\opt_tunel_mod2_v17_nonphysical_penalty.m,96,eficiencia,"etha_capt=""constante"";%eficiencia ce captación","case ""solar"" | calor_aux = false; | irr_diag.aux_rule = ""solar: calor_aux = false""; | end","LT_AH=65; %Límite de temperatura en AH | T_ini=25; %Temperatura de inicio en Gabinetes, producto y aire |  | tiempo=t_ini:t_step:t_max;"
opt_tunel_mod2_v17_nonphysical_penalty.m,C:\Users\PC\MATLAB Drive\modelo_deshidratador_GA_chile_red_controlado_v1_3_HYBRID_IRR_COMPARE_CONSOLIDADA\02_src_limpio\wrappers\opt_tunel_mod2_v17_nonphysical_penalty.m,150,0.5,"HR_amb(i)=(0.5356*tiempo^3-2.9126*tiempo^2-2.6044*tiempo+59.539)/100; % ""Humedad Relativa""","%         I(i)=I(i);  % ""Irradiancia [W/m^2]"" | %     end | if strcmp(cond_amb,""variable"") | T_amb(i)=1.6031*tiempo+25.204; % ""Temperatura ambiente [°C]""","I(i)=-36.085*tiempo^2+207.22*tiempo+631.33;  % ""Irradiancia [W/m^2]"" | end | if strcmp(cond_amb,""10jun21"") | T_amb(i)=9.7152e-04*tiempo^4-0.0304*tiempo^3+0.2914*tiempo^2-0.2138*tiempo+23.9443; % ""Temperatura ambiente [°C]"""
opt_tunel_mod2_v17_nonphysical_penalty.m,C:\Users\PC\MATLAB Drive\modelo_deshidratador_GA_chile_red_controlado_v1_3_HYBRID_IRR_COMPARE_CONSOLIDADA\02_src_limpio\wrappers\opt_tunel_mod2_v17_nonphysical_penalty.m,156,0.5,"I(i)=0.5125*tiempo^4-12.0790*tiempo^3+66.4485*tiempo^2+44.4091*tiempo+146.7760;  % ""Irradiancia [W/m^2]""","end | if strcmp(cond_amb,""10jun21"") | T_amb(i)=9.7152e-04*tiempo^4-0.0304*tiempo^3+0.2914*tiempo^2-0.2138*tiempo+23.9443; % ""Temperatura ambiente [°C]"" | HR_amb(i)=(-0.0019*tiempo^4+0.1245*tiempo^3-1.3295*tiempo^2-1.9212*tiempo+87.5956)/100; % ""Humedad Relativa""","end | if strcmp(cond_amb,""10jun21_real"") |  | if tiempo==t_ini"
opt_tunel_mod2_v17_nonphysical_penalty.m,C:\Users\PC\MATLAB Drive\modelo_deshidratador_GA_chile_red_controlado_v1_3_HYBRID_IRR_COMPARE_CONSOLIDADA\02_src_limpio\wrappers\opt_tunel_mod2_v17_nonphysical_penalty.m,219,eficiencia,"ETHA_capt(i)=50/100; % ""Eficiencia""","P=3.9; | G=I(i)*1000; | ETHA_capt(i)=0.656-3.48050*(P/G)-0.02380*(P^2/G); | else","end | E_capt(i)=I(i)*A_cap*ETHA_capt(i)/1000; % ""Energía captada"" |  | f_per=0.975;"
opt_tunel_mod2_v17_nonphysical_penalty.m,C:\Users\PC\MATLAB Drive\modelo_deshidratador_GA_chile_red_controlado_v1_3_HYBRID_IRR_COMPARE_CONSOLIDADA\02_src_limpio\wrappers\opt_tunel_mod2_v17_nonphysical_penalty.m,525,eficiencia,"% etha_capt=""constante"";%eficiencia ce captación","% t_ini=0; %tiempo inicial | % t_step=0.1; % paso de tiempo | % cond_amb=""10jun21_real""; | % calor_aux=true;","% LT_AH=60; %Límite de temperatura en AH | % T_ini=25; %Temperatura de inicio en Gabinetes, producto y aire |  | % tiempo=t_ini:t_step:t_max;"
opt_tunel_mod2_v17_nonphysical_penalty.m,C:\Users\PC\MATLAB Drive\modelo_deshidratador_GA_chile_red_controlado_v1_3_HYBRID_IRR_COMPARE_CONSOLIDADA\02_src_limpio\wrappers\opt_tunel_mod2_v17_nonphysical_penalty.m,559,0.5,"%         HR_amb(i)=(0.5356*tiempo^3-2.9126*tiempo^2-2.6044*tiempo+59.539)/100; % ""Humedad Relativa""","%     I(i)=0;  % ""Irradiancia [W/m^2]"" | % | %     if strcmp(cond_amb,""variable"") | %         T_amb(i)=1.6031*tiempo+25.204; % ""Temperatura ambiente [°C]""","%         I(i)=-36.085*tiempo^2+207.22*tiempo+631.33;  % ""Irradiancia [W/m^2]"" | %     end | % | %     if strcmp(cond_amb,""10jun21"")"
opt_tunel_mod2_v17_nonphysical_penalty.m,C:\Users\PC\MATLAB Drive\modelo_deshidratador_GA_chile_red_controlado_v1_3_HYBRID_IRR_COMPARE_CONSOLIDADA\02_src_limpio\wrappers\opt_tunel_mod2_v17_nonphysical_penalty.m,566,0.5,"%         I(i)=0.5125*tiempo^4-12.0790*tiempo^3+66.4485*tiempo^2+44.4091*tiempo+146.7760;  % ""Irradiancia [W/m^2]""","% | %     if strcmp(cond_amb,""10jun21"") | %         T_amb(i)=9.7152e-04*tiempo^4-0.0304*tiempo^3+0.2914*tiempo^2-0.2138*tiempo+23.9443; % ""Temperatura ambiente [°C]"" | %         HR_amb(i)=(-0.0019*tiempo^4+0.1245*tiempo^3-1.3295*tiempo^2-1.9212*tiempo+87.5956)/100; % ""Humedad Relativa""","%     end | % | %     if strcmp(cond_amb,""10jun21_real"") | %"
opt_tunel_mod2_v17_nonphysical_penalty.m,C:\Users\PC\MATLAB Drive\modelo_deshidratador_GA_chile_red_controlado_v1_3_HYBRID_IRR_COMPARE_CONSOLIDADA\02_src_limpio\wrappers\opt_tunel_mod2_v17_nonphysical_penalty.m,618,eficiencia,"%         ETHA_capt(i)=50/100; % ""Eficiencia""","%         P=3.9; | %         G=I(i)*1000; | %         ETHA_capt(i)=0.656-3.48050*(P/G)-0.02380*(P^2/G); | %     else","%     end | % | %     E_capt(i)=I(i)*A_cap*ETHA_capt(i)/1000; % ""Energía captada"" | "
opt_tunel_mod2_v18_endpoint_TMAX_corrected.m,C:\Users\PC\MATLAB Drive\modelo_deshidratador_GA_chile_red_controlado_v1_3_HYBRID_IRR_COMPARE_CONSOLIDADA\02_src_limpio\wrappers\opt_tunel_mod2_v18_endpoint_TMAX_corrected.m,80,0.5,"%m_max=0.11; % 0.39;%0.19=0.5;%0.115=0.3;%0.043=0.12;% ""Flujo másico de aire en el captador AH8[kg/s]""","t_rec_fin=40*3600; %Tiempo de fin de recirculación [h] | r_div1=0/100; % Relación de división en D1 | %r_div2=0/100; % Relación de división en D2 (recirculación) | Q_perd_ducto=10/100; % Porcentaje de pérdidas en ducto de recirculación","%T_min=40; %Temperatura mínima antes de M9 [°C] | A_sec=2.25; % ""Área de sección transversal de entrada al túnel [m^2]"" | t_ini=0; %tiempo inicial | t_step=0.1; % paso de tiempo"
opt_tunel_mod2_v18_endpoint_TMAX_corrected.m,C:\Users\PC\MATLAB Drive\modelo_deshidratador_GA_chile_red_controlado_v1_3_HYBRID_IRR_COMPARE_CONSOLIDADA\02_src_limpio\wrappers\opt_tunel_mod2_v18_endpoint_TMAX_corrected.m,98,eficiencia,"etha_capt=""constante"";%eficiencia ce captación","case ""solar"" | calor_aux = false; | irr_diag.aux_rule = ""solar: calor_aux = false""; | end","LT_AH=65; %Límite de temperatura en AH | T_ini=25; %Temperatura de inicio en Gabinetes, producto y aire |  | tiempo=t_ini:t_step:t_max;"
opt_tunel_mod2_v18_endpoint_TMAX_corrected.m,C:\Users\PC\MATLAB Drive\modelo_deshidratador_GA_chile_red_controlado_v1_3_HYBRID_IRR_COMPARE_CONSOLIDADA\02_src_limpio\wrappers\opt_tunel_mod2_v18_endpoint_TMAX_corrected.m,152,0.5,"HR_amb(i)=(0.5356*tiempo^3-2.9126*tiempo^2-2.6044*tiempo+59.539)/100; % ""Humedad Relativa""","%         I(i)=I(i);  % ""Irradiancia [W/m^2]"" | %     end | if strcmp(cond_amb,""variable"") | T_amb(i)=1.6031*tiempo+25.204; % ""Temperatura ambiente [°C]""","I(i)=-36.085*tiempo^2+207.22*tiempo+631.33;  % ""Irradiancia [W/m^2]"" | end | if strcmp(cond_amb,""10jun21"") | T_amb(i)=9.7152e-04*tiempo^4-0.0304*tiempo^3+0.2914*tiempo^2-0.2138*tiempo+23.9443; % ""Temperatura ambiente [°C]"""
opt_tunel_mod2_v18_endpoint_TMAX_corrected.m,C:\Users\PC\MATLAB Drive\modelo_deshidratador_GA_chile_red_controlado_v1_3_HYBRID_IRR_COMPARE_CONSOLIDADA\02_src_limpio\wrappers\opt_tunel_mod2_v18_endpoint_TMAX_corrected.m,158,0.5,"I(i)=0.5125*tiempo^4-12.0790*tiempo^3+66.4485*tiempo^2+44.4091*tiempo+146.7760;  % ""Irradiancia [W/m^2]""","end | if strcmp(cond_amb,""10jun21"") | T_amb(i)=9.7152e-04*tiempo^4-0.0304*tiempo^3+0.2914*tiempo^2-0.2138*tiempo+23.9443; % ""Temperatura ambiente [°C]"" | HR_amb(i)=(-0.0019*tiempo^4+0.1245*tiempo^3-1.3295*tiempo^2-1.9212*tiempo+87.5956)/100; % ""Humedad Relativa""","end | if strcmp(cond_amb,""10jun21_real"") |  | if tiempo==t_ini"
opt_tunel_mod2_v18_endpoint_TMAX_corrected.m,C:\Users\PC\MATLAB Drive\modelo_deshidratador_GA_chile_red_controlado_v1_3_HYBRID_IRR_COMPARE_CONSOLIDADA\02_src_limpio\wrappers\opt_tunel_mod2_v18_endpoint_TMAX_corrected.m,221,eficiencia,"ETHA_capt(i)=50/100; % ""Eficiencia""","P=3.9; | G=I(i)*1000; | ETHA_capt(i)=0.656-3.48050*(P/G)-0.02380*(P^2/G); | else","end | E_capt(i)=I(i)*A_cap*ETHA_capt(i)/1000; % ""Energía captada"" |  | f_per=0.975;"
opt_tunel_mod2_v18_endpoint_TMAX_corrected.m,C:\Users\PC\MATLAB Drive\modelo_deshidratador_GA_chile_red_controlado_v1_3_HYBRID_IRR_COMPARE_CONSOLIDADA\02_src_limpio\wrappers\opt_tunel_mod2_v18_endpoint_TMAX_corrected.m,527,eficiencia,"% etha_capt=""constante"";%eficiencia ce captación","% t_ini=0; %tiempo inicial | % t_step=0.1; % paso de tiempo | % cond_amb=""10jun21_real""; | % calor_aux=true;","% LT_AH=60; %Límite de temperatura en AH | % T_ini=25; %Temperatura de inicio en Gabinetes, producto y aire |  | % tiempo=t_ini:t_step:t_max;"
opt_tunel_mod2_v18_endpoint_TMAX_corrected.m,C:\Users\PC\MATLAB Drive\modelo_deshidratador_GA_chile_red_controlado_v1_3_HYBRID_IRR_COMPARE_CONSOLIDADA\02_src_limpio\wrappers\opt_tunel_mod2_v18_endpoint_TMAX_corrected.m,561,0.5,"%         HR_amb(i)=(0.5356*tiempo^3-2.9126*tiempo^2-2.6044*tiempo+59.539)/100; % ""Humedad Relativa""","%     I(i)=0;  % ""Irradiancia [W/m^2]"" | % | %     if strcmp(cond_amb,""variable"") | %         T_amb(i)=1.6031*tiempo+25.204; % ""Temperatura ambiente [°C]""","%         I(i)=-36.085*tiempo^2+207.22*tiempo+631.33;  % ""Irradiancia [W/m^2]"" | %     end | % | %     if strcmp(cond_amb,""10jun21"")"
opt_tunel_mod2_v18_endpoint_TMAX_corrected.m,C:\Users\PC\MATLAB Drive\modelo_deshidratador_GA_chile_red_controlado_v1_3_HYBRID_IRR_COMPARE_CONSOLIDADA\02_src_limpio\wrappers\opt_tunel_mod2_v18_endpoint_TMAX_corrected.m,568,0.5,"%         I(i)=0.5125*tiempo^4-12.0790*tiempo^3+66.4485*tiempo^2+44.4091*tiempo+146.7760;  % ""Irradiancia [W/m^2]""","% | %     if strcmp(cond_amb,""10jun21"") | %         T_amb(i)=9.7152e-04*tiempo^4-0.0304*tiempo^3+0.2914*tiempo^2-0.2138*tiempo+23.9443; % ""Temperatura ambiente [°C]"" | %         HR_amb(i)=(-0.0019*tiempo^4+0.1245*tiempo^3-1.3295*tiempo^2-1.9212*tiempo+87.5956)/100; % ""Humedad Relativa""","%     end | % | %     if strcmp(cond_amb,""10jun21_real"") | %"
opt_tunel_mod2_v18_endpoint_TMAX_corrected.m,C:\Users\PC\MATLAB Drive\modelo_deshidratador_GA_chile_red_controlado_v1_3_HYBRID_IRR_COMPARE_CONSOLIDADA\02_src_limpio\wrappers\opt_tunel_mod2_v18_endpoint_TMAX_corrected.m,620,eficiencia,"%         ETHA_capt(i)=50/100; % ""Eficiencia""","%         P=3.9; | %         G=I(i)*1000; | %         ETHA_capt(i)=0.656-3.48050*(P/G)-0.02380*(P^2/G); | %     else","%     end | % | %     E_capt(i)=I(i)*A_cap*ETHA_capt(i)/1000; % ""Energía captada"" | "
